x,y
3937.009,11.447
4164.56,7.418
4510.571,10.69
6112.363,6.319
6190.659,10.165
6379.003,25.275
3473.214,14.652
4748.637,63.024
6234.89,10.989
6293.04,11.905
1931.593,15.659
1954.212,15.568
2425.366,14.194
2518.201,15.453
3459.38,15.11
4840.659,12.363
2543.956,16.484
4820.221,23.185
4998.283,17.514
4149.725,19.819
5020.604,24.197
5840.784,29.346
6098.82,27.473
65.029,43.42
2097.258,37.25
4355.426,23.695
4890.11,21.978
6424.451,24.137
2053.571,24.725
4966.117,25.641
5119.618,34.565
2159.341,28.846
6323.325,32.771
6345.085,30.678
2171.703,32.378
3517.17,35.371
3978.022,30.22
4103.022,32.378
4878.297,29.945
4991.758,28.846
1842.445,42.788
2084.135,34.684
2629.121,32.967
4311.355,34.799
4947.344,36.172
1696.429,37.088
2461.538,37.088
2641.941,37.546
3962.437,41.42
4280.22,34.341
6076.923,35.714
3541.209,38.462
4782.967,38.462
4832.418,38.462
4985.989,39.286
2049.451,39.835
4493.756,50.574
2056.319,43.956
2077.076,47.466
2622.802,44.231
4384.615,46.703
6293.04,45.101
6364.011,46.115
2116.758,46.703
2468.864,47.619
4024.942,56.752
4355.769,47.292
4841.248,48.077
6082.418,48.077
6424.212,52.377
2428.571,49.451
4995.474,71.271
6397.894,53.022
3986.264,52.198
4971.703,52.473
2041.833,61.563
2066.277,63.874
2165.424,59.066
4157.509,59.524
4344.551,61.584
5997.057,62.86
2078.846,60.165
3649.725,61.813
3973.214,61.813
4469.78,60.44
1942.308,67.308
2000.916,67.766
2603.022,68.093
4490.385,68.681
4853.022,65.934
6371.566,69.918
2230.495,69.505
4812.363,72.985
4872.405,72.192
2022.34,76.995
2172.047,73.146
4144.869,81.535
4825.549,70.055
6273.352,73.587
56.319,75.549
2096.242,84.323
2136.447,75.092
5758.297,87.802
6238.973,99.206
6395.833,76.465
6428.768,77.512
2519.689,76.465
2950.549,76.923
3440.934,77.512
4195.055,76.923
1902.723,96.781
3018.25,82.81
3478.938,80.586
2225,91.117
4854.396,87.054
2496.664,86.538
4651.099,83.791
6252.747,83.791
56.548,100.198
2074.903,94.295
2429.487,94.17
3695.055,87.912
3923.535,87.454
4630.495,86.538
4684.066,92.033
6626.805,93.21
1810.582,98.759
2324.176,90.659
4834.89,92.582
6367.543,92.033
3985.989,95.33
4254.906,94.78
5009.432,96.429
6388.139,96.452
46.703,98.901
2263.462,98.077
3416.758,98.901
4071.429,94.78
4628.434,98.558
4759.615,97.527
4772.894,97.985
6276.452,110.597
2343.407,98.901
2803.571,101.06
4265.568,99.817
4808.743,102.941
6557.692,98.901
3825.092,103.48
4080.128,102.106
4132.185,104.079
1535.714,104.396
4862.659,129.085
1762.363,108.516
4609.001,111.425
4681.319,108.516
4755.952,108.211
4766.026,106.685
5501.596,114.828
6540.293,108.059
1657.967,111.264
1938.645,110.806
3421.016,112.294
4666.209,111.264
4942.308,111.264
5028.388,111.722
5836.538,111.264
4039.835,111.264
4056.319,111.264
4097.222,114.927
1997.115,120.192
2260.4,116.758
2432.234,116.3
4114.011,115.385
1523.891,127.257
4751.057,125.634
5857.143,119.505
6628.258,127.236
1707.074,121.909
1744.309,124.215
2442.308,120.879
3416.021,136.801
3980.495,121.703
4061.813,120.879
4201.923,120.879
4308.608,121.795
4682.692,119.505
4928.888,125.423
6362.834,127.551
48.352,126.648
1854.396,125
5771.978,123.626
1549.274,133.524
2434.303,136.842
3799.725,127.198
6379.121,126.374
643.462,139.835
834.135,130.838
848.901,130.495
1934.341,131.044
3367.857,131.044
578.689,135.793
613.636,138.487
1696.352,136.523
2120.604,132.692
3982.448,137.21
4188.874,133.242
4214.286,133.242
4289.835,131.868
752.293,144.844
857.143,141.484
2024.508,139.893
2601.374,135.44
4777.473,133.242
5483.516,137.363
42.582,139.286
546.703,138.736
627.747,140.934
663.324,141.346
1060.745,140.873
5073.489,140.797
5856.971,144.66
6405.22,147.758
879.121,141.484
902.518,147.207
1577.512,144.885
1675.824,140.11
1989.313,155.22
3268.956,142.033
4621.795,141.026
5085.3,153.44
6282.967,141.484
820.055,144.231
972.527,142.857
987.215,145.287
1025.275,146.429
1044.986,144.574
3348.901,142.857
4109.89,141.484
4275.641,143.773
4728.709,144.918
6065.617,145.287
57.767,163.511
216.117,146.52
248.626,144.231
585.165,146.978
1088.942,147.321
1104.739,146.635
1494.231,146.429
1716.018,154.384
1840.659,146.978
2457.84,148.669
4070.055,145.604
5126.04,156.89
6111.264,147.763
2512.363,151.099
3521.978,151.099
4988.187,148.626
5807.266,161.141
6621.81,153.979
125,151.099
285.419,195.6
1591.822,155.642
1625.916,152.778
3573.146,152.816
4153.846,151.099
5827.686,162.012
244.62,158.654
390.11,153.846
1006.868,156.005
1934.982,155.678
2377.997,156.219
3409.341,155.22
3901.099,155.22
4773.352,159.341
5000,152.473
6026.213,170.635
6308.516,155.769
6440.149,155.22
6654.936,158.535
313.416,158.425
387.782,191.405
717.033,156.593
1568.681,156.593
1637.363,157.967
4130.495,158.752
4810.44,157.967
5473.116,157.967
5650.183,158.425
181.731,172.115
846.841,160.714
983.791,160.165
1081.044,157.967
1129.121,160.714
2504.121,161.499
4852.679,161.058
5390.11,166.209
5788.462,159.341
6271.027,160.926
500,163.462
731.074,168.04
4348.901,163.462
6233.516,163.462
460.623,166.667
696.886,166.667
785.126,166.209
1180.195,176.324
1358.162,174.539
1921.354,177.348
1946.64,166.843
2436.355,166.667
4722.092,175.992
1076.923,168.956
1137.637,169.505
1402.473,167.582
2386.423,171.848
2609.89,168.956
3400.724,170.205
4109.615,168.407
251.374,170.33
794.299,173.764
1154.396,173.626
1501.832,171.245
1901.099,171.703
4193.681,170.33
4515.11,171.703
4796.703,171.703
4839.954,197.206
5847.07,172.161
6450.168,180.021
71.429,171.703
307.692,173.077
327.198,173.901
406.593,173.077
666.209,175.235
826.606,176.775
1218.864,174.908
1414.835,173.077
1858.86,174.794
1973.757,179.367
2190.934,173.993
2418.956,175.824
2480.181,177.786
2625,173.077
4009.386,174.451
5380.495,174.451
557.587,179.522
1770.261,176.854
3354.396,175.824
3390.385,176.648
4095.124,176.854
6507.784,176.282
148.457,184.383
468.407,177.198
1397.665,180.632
1445.971,180.403
1648.077,180.495
2101.274,187.438
2112.637,179.945
4578.297,178.571
5471.154,181.319
86.195,183.036
237.245,183.477
321.429,181.319
2070.055,183.477
3474.686,182.692
3995.879,183.477
4123.168,180.861
4511.905,183.15
4523.81,182.234
5798.626,181.593
5846.154,182.692
6222.527,181.319
133.025,243.387
336.538,184.066
528.846,182.692
808.883,190.751
2540.934,184.89
4114.011,184.655
5118.41,209.185
217.119,194.54
445.055,186.813
728.022,186.813
739.011,185.44
1016.484,186.813
2512.559,191.327
2917.582,188.187
3391.968,194.166
6432.342,199.059
82.822,194.166
189.156,194.328
1135.216,204.327
1335.165,189.56
1421.154,189.835
1769.505,191.484
4811.028,190.934
5399.514,193.681
552.198,192.308
1317.766,194.139
4154.511,201.037
4698.626,192.582
1390.11,195.513
1452.266,196.085
2399.496,196.2
2458.825,210.701
4507.713,216.293
4716.003,196.085
6507.713,200.549
1309.341,209.89
1375.785,199.176
1792.582,198.391
1885.302,200.893
2017.072,197.606
2443.681,199.176
5093.014,201.334
5781.136,199.634
5797.161,198.26
454.67,200.549
1183.379,205.014
1412.677,201.923
3032.967,201.923
3055.195,211.101
3315.018,201.465
3524.725,200.549
4725.863,201.923
900.183,205.128
1146.635,204.327
1355.22,207.692
2478.938,204.212
2520.948,204.327
5712.912,204.67
6307.692,203.297
429.945,204.67
1259.615,206.044
1929.141,221.69
4124.451,206.319
4450.549,207.418
4668.04,207.723
4710.165,208.791
6477.525,214.724
658.425,210.165
1007.418,211.63
1157.67,220.486
3930.495,209.066
3989.011,208.791
5409.341,210.165
6636.206,216.165
1879.121,212.912
2157.967,211.538
6281.593,211.538
205.148,230.232
465.201,215.201
980.769,214.286
4799.451,214.286
6059.622,241.496
6269.231,214.286
6858.001,218.922
264.401,229.218
2113.226,218.407
3381.868,217.033
4268.28,220.097
1343.407,219.78
3236.264,221.154
4439.56,219.78
4957.418,218.407
5462.729,224.817
5726.648,221.154
5845.238,220.696
7086.538,218.407
1195.055,223.901
1418.613,224.245
3394.231,225.275
3592.033,222.527
4145.604,222.527
4710.44,225.275
5753.022,224.451
6613.553,222.985
689.56,226.648
1428.297,226.099
4871.738,229.739
5635.989,225.863
6752.473,232.143
247.057,237.637
435.897,229.853
457.418,228.022
1799.451,228.846
2150.885,241.178
3991.758,229.396
4983.516,228.022
6075.549,226.648
1134.615,232.143
1342.491,231.685
2976.898,237.138
2989.011,230.769
3456.502,231.227
4930.73,232.143
5040.62,232.143
5127.747,229.396
5142.857,232.143
5446.429,230.769
5474.817,230.311
5666.708,233.516
5848.626,235.027
184.066,232.143
2037.811,235.179
3401.099,234.89
4776.099,234.89
5410.714,235.675
503.336,237.637
1383.242,236.852
1436.355,239.011
2100.733,237.179
3032.967,234.89
3878.091,237.981
4706.681,245.678
5105.769,238.553
5438.187,238.422
5824.176,236.264
6433.102,282.533
6440.3,238.694
277.473,240.385
1123.626,239.011
1348.901,240.385
1747.527,240.934
1968.407,240.385
3970.81,240.041
4160.714,239.011
5125.894,288.63
6312.363,239.286
517.857,240.385
931.319,240.385
3988.886,244.88
4345.467,244.734
6630.495,243.917
6731.178,247.141
302.326,260.893
396.978,244.505
821.429,245.879
1533.883,245.421
1778.485,259.832
1948.832,246.223
3334.707,244.048
4593.407,244.505
5608.974,246.108
2511.905,249.084
3544.872,248.168
4560.44,248.626
5121.795,254.579
6924.451,250.981
236.264,251.374
1977.747,251.923
2228.938,250.916
2493.446,260.714
260.989,255.495
274.608,264.168
427.983,254.121
1800.824,251.374
2019.231,252.747
4054.945,252.747
4521.062,253.663
4750,252.747
5406.593,252.747
5432.692,254.906
6762.912,255.586
2773.901,255.769
4192.308,256.868
4374.313,257.898
5705.22,255.769
395.147,260.989
1665.934,261.813
1908.752,259.615
3358.059,260.531
3871.468,259.615
4355.154,302.437
4720.896,269.317
4920.042,271.179
5684.066,258.242
6936.563,261.613
228.218,264.521
3020.604,260.989
3564.56,260.989
4152.684,265.955
4169.349,267.465
4175.824,260.989
4386.951,267.17
238.553,263.278
384.158,266.484
1402.93,270.147
2326.923,263.736
3480.769,263.736
5381.868,265.11
5832.418,265.11
6316.392,264.194
1467.033,266.484
1896.978,267.857
2185.44,266.484
4558.258,273.19
4830.566,273.949
5909.432,270.604
258.242,270.604
2464.286,270.604
5104.396,270.604
5429.945,269.231
5482.143,267.857
6048.535,270.147
6408.065,276.589
6906.91,274.197
7373.626,270.604
2198.391,273.352
4537.546,274.725
5317.857,272.253
5406.319,286.381
5736.489,279.695
6192.582,273.901
6517.857,270.604
7120.055,272.253
7440.934,271.978
3417.308,276.648
4614.011,275.314
4851.648,276.099
4954.67,277.865
7411.993,284.625
7429.945,276.099
370.746,298.298
395.499,286.982
2940.385,279.396
3807.692,277.473
6054.1,286.612
6315.934,277.473
7307.692,278.846
338.37,280.678
428.571,281.593
1805.861,281.593
2206.868,283.516
4394.78,280.495
4817.613,282.509
5266.484,280.22
376.099,284.89
1920.33,284.341
2167.582,284.341
3286.745,287.431
4190.934,282.967
4372.711,284.799
5504.579,283.883
5706.044,286.303
6032.967,284.341
6728.076,301.581
7364.927,287.546
242.478,292.975
962.569,287.431
2117.543,287.088
2822.802,285.714
2898.352,287.088
3324.176,285.714
3946.429,285.714
4901.988,293.835
5156.25,286.401
5183.477,287.088
6192.308,287.088
258.83,292.19
491.484,290.385
525.706,291.405
2936.538,289.286
3313.561,290.834
5920.918,289.835
5971.154,290.62
6206.273,290.522
7310.44,289.835
128.925,293.367
981.643,293.082
1420.055,292.033
2945.055,291.209
3473.901,293.367
4013.736,292.582
4263.148,292.582
4391.14,292.926
4562.271,293.04
5018.107,293.082
5048.81,296.612
6008.242,289.835
6925,290.934
1399.594,303.571
1866.071,296.703
4308.643,298.711
5328.571,295.879
5807.998,302.198
6850.275,295.33
309.524,298.535
1380.342,298.993
2658.425,297.619
3264.652,298.535
4157.418,296.429
4862.441,301.805
4878.19,307.559
5149.725,295.33
5519.231,298.077
6311.813,296.703
7078.008,303.861
144.402,302.541
1911.431,311.813
2821.703,300.275
3359.89,299.451
3771.062,301.282
3994.505,301.74
5450.549,300.824
5478.022,300.824
6036.63,300.366
1416.758,309.432
2199.634,303.114
3885.989,302.198
4934.982,304.029
5060.44,303.571
5969.192,303.571
6079.67,302.198
6858.516,304.356
122.293,320.055
519.231,306.319
1680.861,305.403
3300.481,306.662
4030.678,305.403
4190.149,306.319
4414.56,305.769
5297.619,305.861
5507.418,304.67
5528.846,304.945
5587.912,306.319
5603.48,305.861
5728.785,308.15
6023.352,304.945
6462.163,307.318
6699.534,313.605
641.484,309.851
1666.209,306.319
3016.484,307.692
3396.978,307.692
3807.496,309.851
4010.989,309.066
4158.812,314.772
5078.297,307.692
5256.868,307.692
6515.797,314.045
7163.462,310.44
7386.538,307.967
7477.433,309.066
186.966,313.339
253.022,311.264
343.799,312.206
477.433,313.383
491.758,311.813
842.033,310.44
1692.308,309.066
3281.136,311.355
4843.347,318.98
5650.069,312.157
5864.011,310.44
6388.736,311.813
6778.846,311.028
6914.835,311.813
7455.809,323.271
307.104,312.991
1241.758,314.56
1493.132,315.934
1643.315,313.645
2160.465,317.308
3664.011,313.462
4448.391,314.56
4501.374,313.187
4733.516,313.187
4750.916,314.103
4811.47,314.217
5017.857,315.345
5072.802,315.934
5576.923,313.187
5752.473,315.11
5929.511,324.296
6206.685,318.956
6895.408,315.345
2356.227,317.766
4146.291,320.513
4238.187,315.659
4397.428,335.24
4542.79,322.491
4956.319,316.758
5150.765,322.579
5337.912,315.934
5997.627,318.806
6321.276,319.444
6429.945,314.56
7502.943,321.821
283.425,318.223
717.622,320.055
1716.117,320.513
3108.974,322.802
3315.934,320.055
4283.425,318.223
4424.873,324.493
4617.102,319.712
5358.242,323.077
5508.7,321.429
5662.828,321.323
5739.698,322.115
6464.036,326.923
6615.385,320.055
6684.94,322.552
275.755,323.146
332.143,329.67
1229.396,321.429
1387.363,321.429
1423.077,321.429
1876.374,321.429
2503.968,326.313
2802.198,322.802
4736.538,322.253
5431.471,342.699
5463.335,326.183
5623.589,332.603
6940.934,321.429
7372.711,322.344
7406.593,322.802
355.769,328.297
372.887,333.474
3645.604,324.176
4831.93,337.513
5096.154,325.549
5276.099,322.802
5305.861,326.007
5575.549,328.846
5950.092,326.007
6500.874,326.049
6532.967,324.176
7265.11,324.765
1181.319,326.923
1198.718,328.755
2291.209,326.923
3931.913,344.288
4439.835,327.747
4565.934,328.297
4870.879,328.297
6349.952,332.822
6428.704,335.032
7122.024,330.815
3842.818,331.044
4204.212,330.586
4285.714,331.044
4334.02,334.478
4807.186,333.213
5593.935,334.637
5776.099,334.637
7206.044,329.67
187.729,334.249
289.835,333.791
1667.308,333.242
2315.617,336.538
2890.11,333.791
3422.161,333.333
4112.637,332.418
4593.407,333.791
5124.215,336.931
5324.176,333.791
5964.91,336.788
6329.453,341.021
7388.187,332.143
7407.967,333.006
7519.231,333.791
7538.919,331.96
117.835,374.816
277.473,335.165
1485.675,336.538
1796.429,335.989
2295.559,339.744
3041.117,336.355
4354.396,336.538
5281.937,336.882
5751.832,336.996
5831.273,339.744
5984.89,335.165
6745.879,335.165
7582.418,336.538
411.058,338.942
1420.845,342.891
2615.385,337.912
3246.337,339.744
3791.209,337.912
3876.648,338.736
4487.981,339.629
4557.051,344.597
4876.479,343.407
4946.429,339.286
5940.934,336.538
6920.33,337.912
7563.187,339.286
351.648,340.659
385.989,344.78
1912.088,340.659
2078.297,341.248
4201.58,342.376
5472.527,342.033
5489.354,343.063
6309.615,340.385
6393.315,342.491
7484.89,339.286
7510.4,342.033
5583.791,342.033
5676.099,345.33
5896.749,346.383
6317.308,343.407
7031.593,346.154
7498.626,344.78
7530.22,342.033
8020.604,343.407
809.066,346.154
1494.963,349.359
4514.56,345.879
5285.44,348.077
5327.512,347.527
5509.615,346.154
6021.978,347.527
6075.549,348.312
326.099,349.176
864.56,349.176
5779.762,348.443
6464.744,350.733
6518.59,354.304
6618.132,347.527
6830.357,350.275
7170.33,348.901
7404.151,351.343
7777.93,349.359
385.421,374.597
1813.187,351.648
4375,350.275
5013.419,355.769
5375,353.807
5476.648,351.648
5633.791,351.923
6048.592,354.739
7489.011,351.648
7766.484,351.648
160.714,354.984
302.656,357.601
1477.747,356.319
1509.615,355.769
1911.745,359.547
2418.956,353.022
3245.421,355.311
4531.593,356.554
5113.226,355.769
5150.641,358.516
5996.795,358.059
6412.363,356.319
6559.066,353.022
6603.022,353.022
8042.975,359.694
2401.627,368.132
2487.637,359.301
2802.198,357.143
4846.154,358.516
5099.267,366.209
5274.725,359.89
7197.344,356.685
1431.002,362.532
2410.714,359.89
3364.011,359.89
4399.176,360.165
4751.499,372.815
5517.857,361.264
5615.842,362.637
6074.176,361.264
6306.662,360.92
6481.685,360.806
6616.758,364.011
7610.836,371.398
639.194,364.469
1932.692,362.637
4796.703,362.637
5451.694,373.741
5545.33,363.226
6446.429,362.637
6672.802,363.462
7807.967,364.56
315.476,364.927
1822.802,366.758
4262.363,365.385
5287.088,366.758
6332.418,365.385
6844.78,368.132
6884.027,366.758
7186.028,366.758
706.044,371.664
2474.857,374.044
4379.121,368.132
5331.044,370.726
5816.392,368.59
5853.218,371.86
5987.637,370.29
6015.271,373.222
6340.659,369.505
6423.077,368.132
7833.006,369.505
1802.198,375.74
3187.729,371.795
4350.275,373.626
4362.912,372.802
4833.227,414.889
5032.143,370.604
5053.901,379.176
5157.088,377.198
6098.077,370.604
6457.723,377.849
7819.597,371.795
306.777,375.458
755.495,373.626
3347.527,373.626
3453.297,373.626
3954.67,373.626
4549.647,374.215
5415.751,374.542
5432.951,384.434
6555.098,375.305
6835.432,386.167
7017.514,375.343
7761.676,375
1777.747,378.297
2155.22,376.374
4046.763,379.897
4512.363,377.747
4626.374,376.374
4936.813,375
5681.319,377.747
6927.656,378.205
7298.077,376.374
200.824,379.945
414.518,380.917
3150.148,383.876
4438.187,378.434
4646.978,379.121
5030.22,380.495
5506.868,381.279
5531.593,380.495
5631.279,380.495
5996.272,380.691
6070.513,380.037
6489.469,381.41
7189.56,380.495
159.929,383.242
183.87,384.027
1710.623,383.7
1909.799,382.937
2111.081,387.271
2290.865,387.363
2802.656,381.41
3409.341,381.868
3943.376,386.447
4377.198,384.066
5103.022,384.027
5331.044,381.868
6760.989,383.242
7609.05,423.222
4414.683,389.347
5004.464,385.646
5859.89,384.615
6614.011,384.615
7809.851,385.989
1747.253,387.363
1934.982,389.194
4637.363,387.363
5132.784,388.278
5829.762,397.344
6062.729,389.194
6360.531,392.399
6438.187,387.363
6779.304,388.278
6913.462,385.989
7218.407,387.363
7560.738,393.753
7749.411,388.736
149.382,391.827
346.429,392.033
1862.363,392.033
2493.132,391.484
2839.286,393.482
3880.495,388.736
4327.663,395.921
4358.059,391.026
4745.879,388.736
6103.022,390.11
6737.637,390.11
7438.187,390.11
415.865,393.887
1115.385,392.857
4382.811,403.011
4559.409,394.574
4738.095,393.773
5280.325,395.921
5770.91,399.038
5811.064,393.482
5978.646,395.48
5998.626,395.016
6303.571,392.857
1977.95,403.195
2812.729,398.81
3355.22,395.879
4046.329,398.976
4545.94,398.504
4601.648,396.978
4652.93,396.52
5120.683,398.94
6141.484,395.604
6620.421,397.283
6878.205,396.52
6949.81,405.114
7312.164,409.253
7494.505,395.604
2075.549,398.352
2342.582,398.626
3941.392,399.267
4766.359,400.724
5412.308,417.912
5860.207,402.895
6483.392,406.868
6506.563,401.557
6553.571,396.978
6637.363,398.352
7081.044,399.725
7644.46,402.015
7765.11,398.352
653.022,400.824
1397.436,406.136
2460.012,406.136
3211.625,411.445
4358.059,402.93
4637.088,401.923
6130.838,402.816
6150.183,406.937
6603.022,405.743
2331.654,409.799
2425.533,409.882
2683.608,403.388
3684.066,403.846
4263.736,405.22
4737.637,404.435
4811.813,406.005
4996.184,409.493
5301.282,404.762
5956.96,405.678
6556.568,406.968
6832.418,405.22
6927.656,405.678
7025.794,406.899
7276.557,405.678
7451.374,406.593
7832.418,405.22
150.903,408.948
189.56,405.22
329.212,408.883
418.027,426.228
2623.002,411.214
2804.945,407.967
3379.396,408.516
3546.598,410.292
4560.44,407.967
6778.061,407.967
7675.824,407.967
474.686,416.994
513.462,410.165
2484.89,412.088
3021.52,408.883
3034.066,412.912
3403.257,410.714
3701.465,409.799
4946.429,409.341
5095.173,410.322
5129.71,410.714
5445.055,410.714
6097.527,414.835
6648.352,410.714
7043.367,410.714
7500.824,409.615
343.407,412.088
1807.692,413.462
2087.912,410.714
2406.593,412.088
5485.348,413.919
5844.78,412.088
6316.209,415.842
6626.374,412.088
7343.032,416.209
7464.56,414.011
165.11,415.659
2451.465,416.667
3876.374,414.835
4492.216,415.751
4921.016,416.209
5111.264,416.994
5313.645,423.012
6067.308,413.462
151.061,501.631
4023.352,418.956
4217.857,417.308
4362.049,418.956
4661.058,418.613
5025.676,420.013
5344.78,419.741
5866.249,423.331
6109.89,417.582
6418.171,418.956
6447.214,418.956
7241.758,418.956
7328.297,418.171
7741.019,426.247
140.699,421.703
350.885,429.182
4078.297,418.956
4758.995,426.489
4948.077,421.154
5043.956,421.703
5711.813,422.253
5777.747,421.154
6431.319,420.33
6668.956,418.956
7511.905,421.245
7645.719,430.174
7777.473,418.956
542.582,424.451
601.374,423.901
744.505,423.077
1782.967,423.077
2319.139,423.535
3312.912,425
5126.374,423.077
5379.121,423.077
6544.986,426.511
6865.385,424.451
7704.121,428.663
592.033,426.413
2167.125,425.366
3383.242,425.824
4679.029,425.366
4712.912,427.198
5300.137,428.228
6189.156,430.268
6630.952,426.74
7171.245,426.74
7472.802,427.747
329.67,431.319
2652.473,428.571
6331.319,432.967
7190.934,428.571
7353.022,428.571
555.975,434.066
1480.769,432.692
1771.978,431.319
2066.636,437.698
2092.033,431.319
2109.89,432.692
2503.878,441.015
2634.615,431.319
2792.582,432.692
3810.897,430.861
4018.315,433.15
4068.681,429.945
4464.56,432.143
4539.585,438.686
4722.527,431.319
5106.816,439.103
5336.538,432.692
6307.104,432.692
6651.15,438.39
7090.659,431.319
7210.165,431.319
7303.571,429.945
7517.857,432.692
7578.64,432.349
865.385,434.066
2154.121,434.89
4963.37,435.897
5025,434.89
5464.011,434.89
5800.481,435.096
6146.978,436.813
6347.527,434.066
7255.619,435.19
7447.802,435.44
1540.934,437.637
1782.967,438.187
1995.879,436.813
6620.055,437.088
374.5,443.931
484.89,440.149
638.413,444.328
1167.582,439.56
2281.822,443.452
4042.692,442.582
4411.63,442.308
4930.403,441.392
6535.714,439.56
6636.538,439.835
7028.503,440.591
7076.923,439.56
7176.413,440.934
7210.623,441.392
7345.22,444.56
1800.824,440.934
2335.754,443.681
3233.01,454.526
4175.235,443.681
4693.452,452.038
4759.615,442.896
5129.662,452.672
7228.611,443.681
7297.619,443.223
364.011,450.549
1234.89,445.055
3367.445,446.429
5407.967,443.681
5672.253,445.33
6067.308,445.055
6474.49,449.372
7520.948,451.408
7725.275,445.055
2154.762,448.718
2479.153,456.771
2931.777,447.344
3544.231,449.725
3872.253,449.961
4379.121,449.176
4975.275,447.802
5309.066,447.802
5371.795,449.634
6311.355,448.718
6326.606,450.232
6548.077,447.802
7840.018,452.106
347.527,451.138
552.198,451.923
2795.33,453.755
4296.016,452.61
4531.593,452.473
4914.148,451.923
4944.139,451.465
5436.813,450.549
6021.703,452.473
6592.949,451.007
6849.931,451.58
7457.418,450.549
491.758,454.67
2432.692,453.297
3428.571,453.297
3593.995,454.67
4395.604,454.67
4426.74,455.128
4931.319,453.297
5339.286,453.297
5953.022,454.121
6157.967,453.885
7216.444,454.67
7361.951,455.701
199.176,458.203
541.209,457.418
655.22,457.418
1412.722,460.799
2112.912,456.868
2376.374,457.418
2946.429,454.67
4556.319,456.044
4711.386,458.028
4962.912,456.633
5096.154,458.219
6431.319,456.044
7203.297,457.418
7328.755,457.875
7473.901,456.044
185.44,462.912
512.019,459.821
1600.962,461.882
2071.036,464.678
5589.286,458.791
5646.978,460.165
6663.586,465.285
6835.623,459.249
7512.363,460.95
557.104,462.912
762.363,461.538
1482.708,468.326
2005.22,463.462
2500.275,462.363
3423.352,463.462
4515.568,463.37
4548.711,470.52
5793.956,461.538
5871.886,467.857
6335.302,467.857
7249.625,464.66
7855.769,462.912
887.363,462.912
5112.637,464.286
5331.387,465.316
6480.495,479.029
6685.714,468.407
6857.143,465.659
7121.154,465.11
7237.637,464.874
7348.077,464.011
7798.901,468.681
423.077,469.78
2404.533,468.407
3398.352,468.407
4178.8,470.467
4345.33,467.308
4780.311,470.788
4945.513,473.1
6239.011,468.407
6321.429,467.033
6637.637,467.857
6947.497,469.322
7575.549,467.033
7837.912,467.033
2518.773,472.07
3268.956,470.604
3428.846,471.703
3482.83,471.154
4531.593,468.407
4679.16,471.154
5286.859,470.925
6144.231,470.369
6756.181,480.082
7216.444,472.724
7642.857,471.154
728.611,473.901
2851.19,472.07
3086.538,472.527
3249.657,476.648
6700.549,472.527
7449.176,473.116
7459.821,474.245
492.347,476.648
511.185,478.611
4306.319,475.275
4394.019,477.916
5096.735,493.185
5137.637,476.099
5276.099,473.901
5715.909,482.767
6352.564,476.19
6461.538,476.648
7428.571,475.275
7472.527,476.648
7514.325,476.648
7839.286,476.648
7964.011,477.198
473.901,478.022
1962.912,478.611
2102.473,478.297
2333.791,476.648
4149.725,480.181
4487.637,478.022
4969.78,478.022
5110.871,483.909
5744.78,478.846
6153.159,479.396
6548.077,476.648
7288.736,479.945
7817.111,481.162
221.154,482.928
841.783,486.638
1849.176,481.593
2304.945,482.143
2784.341,479.396
2971.154,481.358
3099.49,482.143
3483.791,482.692
3861.813,481.044
4188.645,486.035
4298.077,481.358
4722.101,487.353
4798.535,481.685
6137.637,482.692
6250.275,482.692
6725.899,497.31
6936.099,483.791
7312.912,482.692
7607.143,482.143
7637.363,479.396
2476.648,482.143
4935.783,484.547
6051.609,484.89
7218.864,485.348
751.374,486.852
1204.67,488.422
3437.687,489.136
3656.593,487.637
4527.473,486.264
5057.692,486.264
6032.967,486.264
6328.984,488.324
7251.832,487.179
7351.568,490.869
7456.633,487.637
379.822,506.195
515.11,491.17
1365.385,489.011
1494.505,490.385
2325.092,489.927
2651.839,493.766
4473.443,492.216
5980.181,490.385
6107.418,489.835
6436.813,490.385
6546.245,489.469
6684.001,493.786
6704.67,489.011
6858.379,495.055
7836.323,505.899
583.006,493.132
2069.27,493.132
3236.264,493.132
4016.484,495.879
4160.714,493.132
4760.989,493.132
4924.451,491.071
5020.604,493.917
5123.626,493.132
6874.542,492.674
7423.077,493.132
7604.052,498.283
207.418,497.253
231.799,495.536
564.56,495.094
2307.692,495.879
2798.077,494.505
4545.33,500.5
5590.659,494.505
6473.901,493.132
6622.253,495.879
7398.352,494.505
7550.824,493.132
7803.47,504.223
218.864,498.168
831.044,495.879
2042.582,497.841
3273.352,497.253
4359.661,502.289
4942.308,498.234
6299.908,498.932
6938.187,502.06
7013.736,498.626
429.945,500.589
3204.67,502.159
3259.366,502.373
4148.626,505.952
4427.198,502.232
4685.783,501.717
5185.44,501.374
5284.341,502.747
5819.27,501.374
6959.707,501.832
7227.433,501.374
7537.088,500
538.462,504.121
1592.818,504.121
3238.095,503.663
4252.747,504.121
4268.956,503.571
4403.257,504.121
4640.699,504.121
5037.194,506.551
5240.934,503.022
5765.453,503.777
6238.137,505.619
6313.645,502.289
6330.024,511.813
7431.002,506.868
7552.198,502.747
2325.549,505.495
4285.879,513.022
4346.429,506.319
4711.538,505.495
5330.701,506.525
6665.584,511.988
6886.676,507.555
7587.225,507.555
814.56,510.4
2860.283,512.755
3424.873,512.785
4534.341,510.4
4807.692,508.242
4977.826,511.578
5755.495,509.615
6865.385,511.774
6930.207,516.418
7254.121,510.989
7675.549,510.165
1166.209,511.676
1533.948,514.717
1579.212,515.842
4210.95,512.363
4454.212,512.821
4560.44,510.989
5161.499,512.363
5976.125,516.287
6421.36,512.706
6682.349,512.706
223.526,521.728
884.615,513.736
1412.546,513.278
2651.099,519.231
6829.327,517.17
7420.33,513.736
7528.159,515.11
7632.143,514.56
313.187,516.484
357.418,517.308
2468.829,520.816
2662.088,517.857
4307.104,518.25
4329.67,517.857
4673.077,523.352
4960.95,517.857
5057.692,516.484
6344.78,516.484
6693.681,517.857
6707.572,568.119
6848.312,517.857
6954.67,516.484
292.582,519.819
401.099,519.231
611.264,520.604
1135.989,519.819
2334.576,520.604
3310.714,521.154
5028.388,520.147
5868.132,519.231
6262.113,524.351
6302.198,520.604
6550.039,520.604
6594.437,520.948
574.503,527.93
2085.44,523.901
2101.648,521.978
3973.901,524.137
4150.706,525.314
4162.088,521.978
4977.747,525.366
5131.044,533.448
5990.385,529.204
6677.198,522.567
7268.869,524.942
7318.681,520.604
1056.777,525.641
1487.637,526.884
2431.868,532.005
3271.062,526.557
3431.319,526.099
4339.91,530.345
4545.33,525.314
4559.066,527.473
5099.49,526.099
5149.725,524.725
5317.674,527.381
6425.235,526.099
7225.275,523.352
7864.469,526.099
1392.13,531.593
4781.937,528.503
5045.33,528.061
5167.582,527.473
5818.681,527.473
6138.393,529.19
6934.655,532.378
6959.478,530.907
7301.282,529.304
7347.527,528.571
7550.366,529.304
7824.451,532.326
521.978,530.22
804.945,531.593
1072.802,530.22
1531.136,532.051
3450.549,530.22
4407.967,534.341
5016.484,528.846
6059.066,532.378
6185.44,532.378
6546.703,530.22
7228.846,530.495
7667.582,530.22
401.278,536.73
592.033,535.126
2658.883,532.509
4421.703,536.665
4531.937,534.684
6663.462,534.341
7836.538,531.593
362.637,537.088
560.243,541.601
693.681,537.873
959.249,535.256
1963.462,535.44
4462.912,536.303
4517.857,536.303
7271.154,535.989
252.747,539.835
262.363,539.05
796.978,540.385
840.934,540.385
2072.017,540.228
2348.901,537.088
4662.363,540.385
5225.962,539.835
5679.16,540.228
5978.297,539.286
6074.176,539.835
6116.758,540.62
6379.71,539.835
6828.297,541.209
7422.802,539.286
7628.663,538.004
7670.971,544.963
1353.022,539.835
1376.145,546.703
2331.255,547.02
3207.875,542.125
3272.894,542.125
3729.853,543.04
4029.396,541.484
6405.769,541.484
6699.176,546.36
6897.436,542.125
7793.396,548.891
7840.659,541.209
7869.963,543.04
377.747,545.33
1060.44,545.33
3593.995,545.33
4251.374,543.269
4677.448,547.078
5309.066,546.115
5501.374,545.33
472.985,547.161
521.752,557.013
599.874,561.641
2639.793,553.994
4432.692,545.33
4712.662,555.694
6418.956,548.077
6483.516,546.703
7397.493,548.077
7575.549,548.862
7814.56,546.703
4334.249,550.366
4540.201,550.824
5040.179,550.481
6024.038,549.794
7626.766,554.945
275.954,556.174
4407.182,553.571
4794.471,558.551
5014.011,554.121
5108.173,553.228
5173.077,550.824
5435.44,553.571
5753.598,556.711
6000.589,553.571
6070.055,554.945
6225.4,556.818
6388.736,554.356
6932.692,552.198
7840.659,552.198
7992.445,557.79
3217.949,555.861
3337.912,556.319
4666.667,555.861
6117.392,559.911
6656.593,557.692
6963.462,555.22
7035.126,556.319
7357.967,555.22
560.44,559.066
1366.3,558.608
4986.829,561.005
5083.791,559.851
5331.593,557.418
6375.916,557.234
7402.93,558.608
7806.319,557.692
288.309,563.95
1056.319,560.44
1790.751,563.187
2974.359,561.355
3230.769,562.157
3824.176,560.44
4255.769,561.264
4697.802,559.066
5770.299,563.645
6391.234,565.684
6912.677,561.813
6928.571,563.187
7320.055,562.598
7377.747,560.44
7440.934,561.028
7851.648,560.44
375,564.56
4285.714,564.56
4464.286,564.56
4958.516,565.11
6488.41,578.039
7603.807,564.953
8020.604,563.776
268.201,566.964
1290.934,567.857
3443.448,579.992
4419.505,566.209
4544.643,570.742
4655.678,566.85
5001.832,567.766
5013.736,565.934
5137.951,567.308
5937.54,567.793
5985.256,569.139
6245.879,566.621
6415.659,565.659
6432.005,569.368
7461.735,568.093
228.184,578.418
408.883,575.549
435.783,569.712
1487.179,570.513
3911.935,574.939
4731.682,596.067
5097.527,570.84
6940.591,570.398
254.121,572.802
611.264,571.429
811.813,570.055
1995.879,570.055
4882.162,576.629
5030.769,574.176
6327.198,580.769
7337.912,571.429
1362.637,574.176
2322.344,576.007
3405.22,574.176
4329.67,578.984
4989.092,576.681
5435.989,573.901
5767.072,575.549
5957.926,591.842
7179.945,574.176
7846.154,574.176
562.794,582.221
2778.846,575.549
3247.253,576.923
5367.216,577.839
5753.99,588.108
6931.907,578.297
7288.462,576.923
7644.231,576.923
7740.385,575.549
8000,578.297
204.638,598.691
391.484,582.418
430.368,583.791
575.549,582.418
614.469,581.502
695.055,581.044
1087.637,581.593
2352.473,579.945
4905.678,580.586
5081.387,581.387
7436.813,579.67
7664.255,600.946
380.151,583.448
3184.94,586.289
4028.297,582.692
5150.614,590.255
6753.67,594.001
6840.659,582.418
7247.253,582.418
7686.813,584.249
262.811,600.611
516.941,585.623
4701.58,586.882
5108.974,586.996
5128.196,605.265
5625,585.754
5869.505,585.165
6044.414,591.117
6063.187,586.538
7369.162,586.882
7487.637,586.538
7551.923,585.989
7752.159,586.538
7983.516,585.165
317.651,588.942
2490.842,588.828
3240.934,587.637
4993.371,596.572
5907.967,587.912
6935.44,589.286
475.549,591.484
584.707,593.559
2079.082,596.35
2817.766,591.575
3475.275,590.659
4028.617,596.612
4129.808,592.033
4348.373,595.837
5365.385,589.286
6429.945,590.659
7389.443,596.35
7438.187,590.659
239.698,594.78
411.181,635.782
566.545,600.275
4317.136,599.76
4368.132,593.407
4484.89,594.78
5182.692,594.78
6520.866,598.705
6574.634,593.864
6946.772,594.437
7310.44,593.407
7426.413,594.78
3497.711,598.901
4393.315,595.696
4670.33,597.527
5301.923,596.978
5993.132,597.527
6228.611,597.527
7334.89,598.077
7628.746,601.274
7797.619,597.985
1083.791,598.901
3453.297,598.901
5278.846,601.06
5907.967,599.588
6437.764,601.543
7413.118,599.931
7486.021,603.83
7857.928,601.452
7971.703,599.176
233.516,603.022
331.829,603.022
351.374,603.571
660.256,602.564
807.318,605.519
2061.813,601.648
4384.615,601.648
4505.22,603.571
4958.516,603.571
4975.58,605.617
5406.593,601.648
6627.289,602.564
7459.772,604.003
245.879,603.022
368.132,605.769
2038.736,606.319
2484.89,604.396
4649.725,606.554
5206.044,605.769
6694.93,613.844
7258.242,604.396
7285.126,605.769
1577.839,608.974
4667.308,609.066
5083.791,617.903
5298.711,612.743
5596.743,606.947
6038.187,607.967
6329.611,612.219
6505.495,607.143
6657.822,614.879
7525.231,609.962
7840.659,605.769
738.874,619.093
1093.681,611.813
2423.352,611.813
4632.509,619.231
5753.205,610.348
6054.218,616.597
7756.476,611.46
8032.967,613.187
299.274,714.718
528.846,611.264
1596.917,615.232
2437.088,614.56
3178.571,614.011
4208.791,612.637
4375,614.796
5152.93,613.553
6566.04,613.377
7300.481,614.354
7364.469,613.553
7396.978,615.913
664.835,616.758
2160.714,614.011
4363.8,620.985
4539.492,617.102
4984.432,616.3
5170.788,614.927
5263.736,616.758
5363.736,623.352
5473.352,615.659
5623.626,614.011
6463.757,618.238
6510.989,620.879
7582.692,616.209
7602.335,617.445
7627.404,616.415
498.626,620.29
700.549,619.505
4304.258,619.505
4465.11,618.407
5015.797,619.505
5401.099,619.505
5994.702,620.29
7782.771,621.468
615.385,622.253
1859.89,622.253
2327.839,622.253
5114.156,630.639
6440.633,649.194
6531.593,619.505
6938.645,625.458
7317.308,621.566
7453.571,622.802
451.923,622.253
534.341,624.215
2347.527,623.626
3214.678,629.317
3233.516,625
4609.89,626.374
4964.91,625.749
5240.385,625.785
5429.945,625.785
6001.957,655.803
6725.275,623.626
7815.934,623.626
2454.67,628.532
2967.949,627.289
5128.532,627.747
5168.613,627.404
6351.374,627.198
7031.593,627.747
7645.016,627.747
8046.566,629.808
311.813,630.495
539.754,656.95
667.582,630.495
1393.887,630.838
1528.846,629.121
2355.769,629.121
3816.85,630.037
4756.234,634.51
4975.275,631.868
5157.967,629.71
5747.527,629.945
6763.462,629.945
6963.697,630.495
7388.228,632.021
7413.177,633.526
7478.297,629.945
7567.857,629.396
7669.757,636.332
220.155,637.363
254.121,634.027
1548.077,632.457
2719.78,631.868
3493.132,641.807
3588.828,633.7
6732.666,640.568
6934.367,642.221
7093.407,633.242
359.301,635.989
3476.648,637.891
3556.319,635.204
4985.348,636.447
5926.413,644.623
7692.308,637.912
7732.692,634.89
8028.061,635.597
331.044,639.521
701.511,646.566
896.978,635.989
1253.728,640.306
1513.736,638.736
4704.67,642.308
5013.599,648.352
5029.945,639.286
5165.522,640.11
6198.718,638.278
7536.884,644.434
313.045,644.799
457.418,641.484
1391.758,642.308
1493.524,644.623
2483.974,640.568
4245.192,641.484
5420.33,640.11
6089.286,638.736
6864.011,640.11
7658.516,640.385
1505.495,644.231
2361.264,644.231
4295.33,645.016
4541.209,644.231
5278.388,643.773
5563.462,643.681
6223.901,644.231
7808.15,646.062
513.736,649.725
580.236,650.048
5384.615,645.604
6130.495,647.763
6745.879,644.231
7357.83,648.008
7472.447,675.42
7648.352,645.604
7712.225,649.554
3515.453,649.382
4681.319,648.352
6326.923,646.978
6687.729,649.267
7216.117,650.183
7328.297,648.352
640.616,655.22
655.22,651.099
870.879,652.473
5152.473,652.473
5377.289,652.93
6099.359,650.641
6384.89,653.022
361.264,654.435
370.971,659.432
438.972,655.22
3276.884,657.771
3442.308,653.846
5141.941,654.762
6664.593,657.159
6722.581,667.87
6771.291,655.22
6834.576,655.22
7785.714,655.22
8017.857,661.654
453.297,656.593
1118.407,657.418
4705.403,660.165
5274.725,656.593
7040.179,658.31
7764.129,661.892
575.893,661.058
1975.454,665.253
2379.121,660.714
2539.835,660.714
5177.026,670.043
5233.763,691.413
6349.218,661.771
7512.5,664.011
8034.89,659.066
6899.267,663.004
7065.476,665.522
7374.608,669.087
3920.33,664.835
5053.571,666.994
5193.338,668.269
5898.352,664.835
6528.388,666.667
6825.549,664.835
7351.648,664.835
7527.473,666.209
7813.187,666.209
456.044,666.209
587.384,672.971
742.788,669.299
1105.311,668.498
3287.088,674.451
3690.476,669.414
5143.132,669.505
6051.217,669.152
6967.033,668.956
7539.835,667.582
1387.951,674.451
3213.697,671.703
3303.571,670.918
3375,670.33
3749.542,670.788
3966.575,670.788
4017.399,671.245
6064.56,672.488
7732.26,686.667
2003.663,673.993
2092.818,674.451
4681.319,673.077
6429.16,674.451
6882.457,674.451
7089.286,675.824
7167.582,674.451
7433.477,674.451
7824.451,673.901
405.907,678.915
430.852,699.529
453.297,675.824
918.956,678.571
1548.077,675.824
5061.355,676.74
5894.574,676.854
6668.04,677.045
6929.602,677.541
7312.157,677.541
7603.022,676.413
8032.967,677.198
1243.132,678.571
2902.473,680.73
4348.077,683.929
5943.681,681.319
6751.603,683.15
6918.956,677.198
7717.033,678.571
466.117,682.234
622.253,682.692
2053.571,681.907
2557.104,682.692
3977.106,682.234
5693.681,681.319
6082.875,681.777
6912.546,681.777
7502.747,682.692
7638.049,689.953
7695.33,682.143
7779.304,683.15
449.176,682.692
2015.895,684.262
3436.224,685.44
4508.242,685.44
6003.048,704.284
6480.769,685.44
6709.903,735.931
6823.888,702.306
7166.994,685.44
7283.284,687.764
8021.291,686.355
8050.039,685.44
1072.253,686.538
3960.95,688.187
4688.187,686.813
7606.151,694.139
607.944,710.222
1426.775,693.893
4264.652,690.476
4385.531,691.392
5163.462,690.247
5424.451,691.719
5961.673,697.237
6430.477,694.656
7526.884,690.934
7787.454,692.033
1263.736,692.308
3227.564,692.766
3241.484,694.231
5917.308,694.231
7039.492,693.338
7379.121,693.681
7804.945,692.308
630.495,695.055
3391.733,697.428
3432.998,697.344
6058.242,698.352
6338.427,702.696
6743.132,695.055
7715.316,703.755
364.354,699.519
1196.429,697.802
2398.352,697.802
5028.061,699.176
5603.571,698.077
5991.17,699.176
517.514,702.266
718.75,702.266
3847.527,701.138
6231.799,702.266
6746.897,705.383
6935.211,702.839
7324.176,701.923
7396.429,704.304
7762.363,701.138
7980.769,700.549
8028.388,702.381
8061.905,714.683
353.327,706.502
3813.645,703.755
4301.609,704.67
4387.973,707.57
4432.692,703.885
4875,705.769
4913.462,704.67
5174.97,710.759
5265.021,711.849
6030.22,701.923
6498.077,703.571
6855.426,705.014
6911.058,704.327
6983.516,704.67
7495.483,786.323
7624.695,709.707
7919.741,704.67
8004.718,710.045
399.564,711.619
3648.352,704.67
4515.595,708.872
6406.868,709.478
7531.593,706.044
7743.132,707.418
623.626,708.791
994.309,710.95
3657.967,710.95
4112.637,708.791
5128.091,710.508
6090.354,729.777
6387.951,710.165
6661.499,710.165
7971.939,710.165
2485.989,713.462
5429.945,711.538
7555.828,719.878
2657.967,714.286
3233.242,715.11
5152.473,714.286
5421.703,714.874
5957.614,719.388
7107.732,715.659
7318.093,715.659
7494.048,715.354
7543.956,715.659
718.407,718.407
1050.824,719.78
3873.038,718.407
4772.527,721.154
4918.613,718.75
6320.055,716.346
6426.707,723.214
6502.747,718.407
6962.454,717.949
7286.817,733.265
7927.198,717.622
8037.088,715.659
457.418,722.527
3402.473,729.199
5894.231,720.369
6670.33,719.78
6728.611,721.154
6758.7,723.901
6810.165,720.604
6976.877,722.985
7036.745,720.81
365.385,726.648
406.593,723.901
4034.341,722.527
4394.231,722.527
5574.176,723.901
5933.477,724.294
6530.067,727.259
7087.912,721.154
7371.795,723.443
7730.64,736.134
527.473,726.648
1392.582,726.099
2718.407,725.863
3256.083,726.648
3290.892,728.128
4111.264,726.648
4886.447,727.106
5282.051,726.19
5981.885,732.229
6828.297,725.275
7907.093,738.761
7947.802,725.275
8049.451,723.901
1500.458,730.769
3309.262,732.143
3508.242,731.947
3605.335,733.3
4022.894,731.227
4528.999,736.493
5560.44,732.143
6413.462,728.022
6635.204,729.396
6882.326,728.48
7631.217,734.89
7999.411,729.396
2843.407,732.143
5251.832,732.601
6395.604,729.396
7593.407,730.769
7788.265,732.928
8042.692,739.615
612.922,745.62
1000.916,735.348
3520.604,735.675
3582.875,734.432
5580.357,735.92
5731.358,734.89
6474.817,736.264
6956.633,734.89
7084.707,733.059
7406.593,734.89
7610.479,743.263
384.615,734.89
479.396,738.422
2380.01,740.869
3274.725,736.264
4552.198,737.637
5753.046,745.64
6438.187,736.852
1410.256,740.842
4696.429,739.011
5962.912,739.6
6895.766,744.829
7955.128,740.842
7984.341,739.286
377.747,743.917
535.186,744.4
1497.253,743.681
1788.265,743.917
3262.821,743.59
4008.242,743.132
4115.385,741.758
4350.275,744.505
4410.714,740.385
4423.901,746.703
4718.407,741.758
5740.385,743.917
428.419,749.339
549.647,746.664
1515.11,743.132
2094.78,743.132
2851.06,746.272
3246.566,745.192
4502.9,751.007
4669.719,747.405
4784.341,747.253
5200.549,744.505
5432.349,745.536
5935.897,745.421
6118.558,757.437
6200.549,745.879
6803.571,745.094
6848.901,745.879
7181.907,745.879
7750.458,748.397
8000,744.505
446.821,750.981
478.169,757.849
519.231,747.253
3300.824,748.626
3395.408,754.71
4657.967,745.879
4685.44,747.841
5557.692,747.253
5717.033,748.626
6436.203,760.786
6497.841,748.626
7135.204,748.626
1984.89,751.374
4756.083,751.374
4767.514,751.717
5995.094,754.513
6358.516,751.796
6483.516,748.626
6530.808,751.374
7714.18,756.023
2839.286,755.495
3280.808,754.121
4129.121,751.374
4313.187,752.747
6343.407,754.121
7298.148,789.271
7384.211,757.999
7581.387,753.777
7924.058,753.336
383.547,758.7
3986.264,755.495
5730.769,756.868
5767.857,757.653
6133.242,754.121
6464.621,799.496
7067.308,755.495
7980.03,757.502
8001.374,757.713
722.802,760.165
1321.429,759.615
2875,756.868
3242.133,762.612
4945.055,759.615
5973.901,758.242
6069.712,759.272
6899.725,763.278
301.168,762.706
4267.399,761.905
5119.322,769.017
7226.992,762.706
446.886,764.652
604.121,764.56
637.363,765.11
1204.67,763.736
2383.664,765.321
3265.659,765.11
3966.346,765.11
4334.89,764.56
5162.007,768.988
6094.281,770.48
6246.129,767.108
6809.066,764.325
7261.951,770.192
7531.044,765.11
7622.253,767.399
8018.716,768.029
618.721,767.465
1538.462,766.484
4926.74,767.399
5268.642,767.857
5539.148,771.291
5731.962,785.427
5988.736,768.407
6279.945,767.308
7921.703,767.072
7961.154,773.352
4529.888,784.499
4743.917,770.604
5747.253,767.857
7556.319,769.231
7714.011,771.154
7746.409,785.979
467.622,773.352
788.462,774.725
1503.777,773.695
2870.879,773.352
5140.638,781.171
5192.235,777.545
5315.659,773.901
5973.901,772.567
6059.066,774.725
6500,773.352
6853.022,774.137
7637.363,771.978
8031.25,777.358
3426.74,776.557
4418.171,776.099
5213.697,776.099
5231.044,780.632
7913.919,775.641
391.827,779.19
514.325,778.846
1030.769,779.396
3282.122,786.137
4932.692,780.095
5901.099,777.473
6284.799,778.388
6408.752,778.846
6480.769,778.846
7187.729,779.304
7562.271,779.304
603.022,782.378
2845.879,781.044
2917.857,782.143
3744.702,782.378
5418.956,780.22
5644.689,781.136
6086.31,784.799
6247.253,781.593
6517.514,781.937
6628.205,782.051
6695.055,780.22
7807.692,778.846
4713.515,821.26
5458.516,784.89
5626.374,782.967
5677.713,788.118
6670.33,784.341
7085.44,783.791
7101.773,783.591
7254.906,784.341
7552.855,793.896
7786.172,784.646
473.273,794.309
614.011,787.088
1493.59,787.546
2832.692,787.637
3611.264,787.873
4337.912,787.088
5981.859,795.803
7471.154,787.088
7773.008,787.431
7907.182,787.088
557.234,788.919
1721.703,788.736
3826.923,787.088
4504.199,794.859
4688.187,789.835
4855.54,792.811
5168.956,788.462
6408.752,789.835
6884.615,789.835
7010.989,789.835
7184.066,789.835
7243.132,790.934
7601.374,789.286
7663.502,801.955
500.196,795.068
4884.615,797.654
5306.319,792.582
5936.813,792.582
6443.681,791.209
406.005,795.33
514.423,795.33
1765.11,792.582
5188.187,795.33
5461.414,798.576
5696.429,792.582
6419.741,795.33
6464.286,793.956
6664.508,802.263
6692.033,795.879
7148.077,795.879
7793.269,796.36
7955.014,795.673
371.476,809.365
539.835,798.862
633.242,797.292
2380.037,798.077
4404.304,805.861
6087.618,807.889
6510.989,798.077
7823.26,797.619
1066.314,807.429
1420.282,807.834
1542.582,801.609
3942.582,801.374
4389.652,804.716
5219.505,805.037
6770.147,800.366
7472.578,806.624
7873.038,800.824
2822.802,802.198
3675.824,803.571
3979.396,803.571
4760.657,808.024
6277.473,803.571
6427.808,807.082
7205.455,803.571
7708.124,806.476
4700.092,810.134
5953.297,803.571
6685.832,811.421
600.366,815.293
2337.912,807.692
3626.374,807.692
3652.473,810.44
5465.659,808.379
5926.02,809.851
6623.43,809.851
6852.163,812.672
7008.242,810.44
7112.363,808.516
7265.11,809.066
7580.701,809.409
558.723,812.157
646.978,812.598
1375.458,811.355
5314.56,813.752
5542.582,811.813
6372.253,811.126
6728.175,835.348
7038.462,809.066
7169.741,811.813
7832.692,812.363
1285.714,814.56
2037.637,812.912
2392.857,814.56
4537.873,814.56
6380.495,811.813
6646.825,814.866
7364.821,866.923
7412.677,814.56
7604.271,816.309
7739.011,818.681
4377.747,816.523
5456.044,814.56
5726.305,817.651
7360.294,819.409
7862.179,818.681
8057.967,817.857
1212.363,818.407
4902.778,821.886
5147.321,819.712
5482.143,817.308
6180.495,818.407
6523.81,820.513
7681.319,820.055
7697.178,824.426
7809.409,819.712
7924.908,819.597
389.835,822.253
465.965,824.634
1995.421,822.344
5329.082,822.802
5351.568,826.034
6568.681,821.429
6869.309,825.549
6898.352,822.802
7018.856,824.301
7081.044,820.055
7236.264,822.802
7380.495,821.429
7394.574,822.459
7848.901,821.429
2789.835,822.802
2937.271,824.634
4174.451,822.802
4364.011,828.297
4960.348,831.96
6071.821,827.904
7071.429,824.176
356.868,828.846
448.391,828.297
2590.659,826.923
2871.703,826.648
4726.648,826.923
5207.418,827.512
5218.063,828.64
5506.868,829.212
5740.728,827.953
5756.181,828.297
7101.773,830.544
7140.797,831.387
7616.758,828.297
345.497,834.986
398.764,836.401
507.051,838.736
696.19,838.808
1208.516,830.495
1315.934,829.67
1416.994,832.418
4578.297,830.259
5653.083,834.402
5932.692,831.829
6101.374,831.593
7030.495,831.593
7407.624,831.387
8039.28,848.637
1487.927,834.948
1520.604,834.576
4758.634,837.716
5234.89,834.576
6895.33,833.242
7152.333,845.153
7367.857,834.341
8100.733,834.249
367.543,836.538
2001.374,833.791
5330.042,850.178
5490.385,838.599
625.458,838.828
1890.11,842.818
2383.242,836.538
5969.192,839.286
6089.286,839.286
6461.146,843.407
6855.573,841.248
7464.973,840.316
599.817,841.575
3977.106,842.491
4378.205,841.575
5111.264,843.407
5508.83,842.033
7084.707,843.864
7630.495,842.818
3640.11,844.78
4265.568,844.322
5738.187,844.78
6361.763,853.355
7248.234,846.35
7301.609,845.173
421.703,846.743
2825.092,847.985
4087.912,846.154
4799.542,852.473
6281.899,849.359
6529.533,849.245
6561.996,851.19
6903.257,847.527
7597.527,846.154
7714.286,849.817
373.283,853.88
585.165,847.527
1543.132,849.176
4615.385,850.275
4971.154,848.901
5149.725,848.901
5800.824,848.901
5924.451,851.648
6476.648,849.49
7903.388,851.19
7970.982,851.992
449.233,856.456
545.788,853.48
2649.176,851.923
2785.126,852.63
3690.149,853.022
4211.322,860.107
5412.546,851.19
5763.736,851.648
6088.291,869.979
7422.772,856.532
7609.89,853.022
561.028,855.769
649.937,860.841
694.205,863.095
1414.835,855.769
3280.22,854.396
3611.264,854.396
4820.055,853.022
4944.231,857.143
5529.239,857.339
5975.275,854.396
6645.016,855.769
7131.696,858.001
7576.334,855.769
7659.281,860.069
716.082,861.686
1482.486,858.86
1519.231,857.143
4111.813,857.418
4768.468,868.223
4979.739,859.203
5364.796,859.105
5396.635,858.86
6674.26,869.2
6832.17,869.325
7468.906,864.261
3603.48,861.722
4259.615,859.89
4956.044,861.264
5347.07,861.722
5792.033,860.165
6284.502,869.182
6306.319,862.049
6442.766,883.8
6792.582,858.516
7166.994,861.264
7768.642,864.273
7822.802,859.89
7911.172,860.806
388.736,871.283
2418.956,862.637
3751.374,861.951
5196.291,866.209
5722.07,862.179
5913.919,864.469
6207.601,867.674
6461.538,862.637
6725.602,867.02
7076.923,865.385
7267.857,864.011
7604.67,866.868
6008.83,866.758
7189.56,865.385
7587.537,869.256
415.673,884.18
437.729,869.963
1722.253,868.956
3733.516,866.758
4116.758,866.758
4745.879,870.29
5254.579,869.048
5396.193,869.505
5484.341,867.857
5786.348,883.242
6141.484,870.29
6371.795,869.048
6410.256,869.963
6575.549,868.132
7178.329,873.222
7641.484,868.132
400.069,871.909
1950.549,870.879
2798.626,870.604
3754.121,870.879
4982.143,869.505
7549.988,872.492
7929.945,873.626
1554.121,873.901
3694.025,875.343
4583.448,874.657
4831.044,873.626
5343.457,883.14
5721.154,877.498
5747.57,878.17
6043.681,874.451
6401.295,884.419
6704.421,875.999
7156.136,874.084
7682.692,874.215
676.413,877.747
3616.758,875
4290.293,878.205
4699.176,876.962
4987.637,878.532
6466.003,877.404
7660.714,880.495
7836.538,876.374
7847.527,876.374
370.945,890.241
1531.593,879.71
3397.436,880.952
5325.549,879.121
5732.143,879.121
5923.901,881.868
6231.72,881.551
6278.846,881.279
6846.154,880.495
627.747,881.868
1443.681,884.027
1506.868,881.868
3307.418,882.692
5374.542,883.7
5487.179,882.784
5762.287,905.107
6198.587,883.634
6718.956,919.586
6855.54,886.447
7497.711,891.077
2526.648,884.89
3530.22,884.615
3771.389,885.989
5510.989,885.989
5955.22,884.89
5984.89,884.615
7907.182,885.989
391.558,898.983
451.923,890.11
475.549,889.286
1516.484,887.363
2466.575,889.042
3623.626,888.736
3643.315,886.905
4757.212,889.08
4988.905,889.159
5116.758,885.989
5683.477,888.736
6320.413,891.006
7601.923,888.187
7946.429,889.521
8018.642,892.857
548.764,891.484
2518.315,891.941
4256.319,889.835
4737.271,894.597
5385.989,890.699
5500.458,890.568
7844.78,890.11
1675.824,894.231
5163.462,893.446
5483.142,895.729
5967.033,892.857
5994.048,892.399
6151.295,895.016
6173.077,892.857
6218.407,893.808
6647.894,900.249
1432.692,895.604
1958.791,895.604
2372.253,895.604
5697.802,896.978
5726.648,896.193
7141.484,895.604
7925.178,903.523
445.055,899.725
1469.886,904.586
4208.203,899.725
4768.162,904.304
7959.153,901.027
1875.458,903.388
6085.843,934.182
6170.604,903.022
6489.011,902.473
7641.484,903.257
7768.584,914.35
424.145,909.951
2877.747,904.533
3659.341,905.22
4727.522,950.216
4923.077,903.846
5305.861,904.762
5402.015,904.762
6254.121,903.846
6270.261,905.563
6349.13,907.28
7562.271,904.762
7604.487,906.502
365.973,907.967
457.418,908.752
482.692,913.324
514.423,907.967
530.678,906.136
541.209,906.593
2274.451,907.418
4189.835,910.531
5070.055,905.22
6147.977,911.588
6236.264,907.967
6476.648,906.593
6767.857,906.593
7232.692,906.868
7347.527,907.182
7482.658,912.603
7523.513,914.512
643.446,910.714
696.978,912.912
1979.739,942.136
5738.736,911.264
6579.913,913.138
6697.459,915.694
7663.398,920.106
7830.755,916.643
7979.396,909.341
405.449,919.872
1484.547,913.805
4230.769,912.088
6026.099,912.088
6384.615,910.714
6664.246,913.462
7149.725,913.462
557.104,916.209
4756.545,921.542
6212.912,916.994
6409.799,914.377
6492.674,915.751
6541.209,916.209
7382.645,930.303
7947.606,916.994
513.462,919.505
1551.511,921.474
2890.385,918.407
3911.56,924.028
6460.165,917.582
7367.102,918.613
7493.132,923.077
527.747,921.154
645.016,921.703
1923.352,922.253
4740.385,921.703
5790.293,921.245
6677.198,921.245
6760.989,920.33
7267.072,921.703
7429.945,920.33
7600.618,921.36
7956.633,921.703
384.615,924.451
427.198,921.703
1249.542,922.619
1343.407,923.077
1486.264,924.451
4355.769,925.235
4491.758,923.077
4578.297,925.824
5575.549,924.451
6005.54,939.24
6028.061,924.451
6038.462,924.451
6383.242,923.077
7001.74,931.593
7163.462,924.451
7736.581,926.775
3758.516,927.747
6127.747,925.824
6585.754,927.198
7411.499,940.228
7928.571,925.824
400.984,937.157
1141.026,929.487
3284.799,929.487
3556.319,928.571
4316.85,929.487
5419.741,929.945
5504.426,930.861
6214.896,934.982
7465.659,930.73
7971.154,928.571
656.593,931.319
1471.497,933.036
4866.587,936.813
5481.685,933.15
6229.396,931.907
6697.802,932.692
7061.813,931.907
7255.495,931.319
7270.068,955.809
384.615,935.44
537.088,934.066
3450.824,935.989
4769.231,935.44
4919.245,940.5
5654.67,937.088
6254.464,935.096
6377.976,935.668
7452.839,935.134
7479.072,939.964
7681.013,939.255
643.132,937.637
4711.538,936.813
4978.218,940.934
6314.83,946.698
6336.676,941.484
6647.763,938.187
7305.632,940.705
7496.223,940.247
7618.407,938.736
7720.925,940.476
1882.673,947.565
3298.077,939.56
3694.78,942.857
4243.132,941.719
5440.476,941.392
6441.117,942.033
7054.553,944.27
7741.484,940.385
7934.982,940.476
562.598,943.681
790.385,942.582
2920.435,943.047
4567.857,945.33
5774.922,944.859
6293.132,942.582
7514.194,943.376
7638.736,943.681
7784.341,942.308
423.352,953.022
681.693,946.179
1425.824,946.429
2523.352,947.214
5918.04,947.802
6233.974,947.65
7562.729,944.597
7992.788,946.085
387.057,949.328
527.276,952.054
1273.352,948.391
2380.189,950.092
4972.527,949.176
6064.877,952.874
6219.78,949.176
7394.231,952.281
7655.22,948.391
7708.365,959.407
1075,950.824
3883.242,951.923
6512.363,951.923
7380.495,951.138
1570.055,951.923
2870.879,953.297
2906.79,966.183
5706.044,953.297
6392.857,958.791
6434.066,953.297
7450.034,956.902
7631.279,954.67
7728.321,955.387
7788.462,954.67
1395.016,957.418
1559.066,959.982
1960.623,955.586
7521.978,957.418
7560.44,957.418
2467.491,969.126
5780.22,958.791
6109.203,960.165
6470.097,962.912
7467.033,960.165
7478.938,960.623
7595.696,960.47
404.089,965.821
3660.714,962.127
4216.117,963.37
6208.791,961.538
6979.218,975.053
7043.85,964.603
7258.7,961.081
7770.854,963.911
700.549,967.033
932.27,966.716
1728.611,965.659
3114.403,966.837
3675.824,965.659
5110.871,964.874
5507.653,964.482
6436.813,964.286
6707.074,970.467
7054.945,965.659
7497.527,966.209
7961.538,967.72
3925.824,967.033
4603.445,970.097
5781.397,968.603
7458.595,969.192
7654.435,968.407
614.354,970.81
1717.548,978.594
4224.359,971.612
5711.264,971.703
6134.615,969.78
6898.352,969.78
7116.758,969.78
7562.157,971.497
8027.473,969.78
436.813,975.962
455.455,973.901
769.689,972.985
1434.066,972.527
3409.341,973.901
3655.769,972.802
6303.571,972.527
6429.522,976.437
6556.319,973.901
7861.687,990.426
1465.316,976.992
2401.099,977.335
2508.242,975.275
3611.264,976.648
6414.246,976.648
6907.28,976.648
7074.176,976.648
7604.853,981.227
973.352,978.297
1500.515,992.685
5086.996,978.938
5147.527,978.297
6206.436,980.769
7212.912,978.022
7288.462,979.396
7446.429,979.396
693.681,982.928
3337.323,982.143
4771.978,982.143
5050.137,983.173
5517.857,979.396
5770.604,981.358
6221.154,986.264
6694.292,999.4
7103.022,982.143
7570.788,984.982
7649.897,986.092
471.588,989.517
538.919,983.974
2496.337,984.432
4221.612,984.432
4560.44,983.516
6062.363,987.271
7403.846,984.341
7550.481,984.547
7962.569,984.547
1531.683,1016.394
3664.246,987.637
6083.726,993.263
6851.648,987.637
7778.388,990.842
942.308,990.385
2907.509,990.842
4000.275,989.835
6430.047,991.606
7060.636,992.543
7304.182,992.827
501.786,997.39
552.198,990.385
1760.265,1003.721
2892.216,1001.19
3944.231,991.484
4326.923,991.758
4788.004,991.3
5751.03,993.475
5990.385,991.758
6468.864,993.59
7270.147,993.59
423.077,994.505
534.646,997.711
578.114,998.443
1567.308,996.664
1681.907,995.879
3464.423,1000.275
3651.099,994.505
4800.824,995.094
7591.034,996.379
7611.264,995.094
7701.5,997.992
7808.516,994.78
435.44,998.626
2736.264,997.253
3865.659,999.176
3887.363,998.626
4234.432,998.168
4473.901,997.253
5509.615,995.879
6209.742,999.26
6306.41,1001.923
6864.011,999.411
7089.286,999.411
7229.701,999.237
7243.132,999.411
547.734,1004.35
1166.209,1002.159
1496.337,1001.832
3370.879,1000
5519.78,1002.473
6438.776,1003.532
7042.926,1001.717
7625.549,1000.275
7859.432,1000.458
384.615,1002.747
1265.11,1002.747
5770.604,1002.747
6360.514,1009.99
6953.297,1004.121
6992.674,1003.663
453.297,1010.379
2603.022,1005.495
2907.544,1009.827
3060.897,1005.037
5219.78,1007.418
5833.448,1007.212
6220.238,1005.037
7401.146,1012.363
7558.608,1007.326
400.769,1023.626
425.824,1010.165
4051.74,1010.531
4796.703,1008.242
4815.018,1010.073
6964.286,1008.242
7280.22,1008.242
7996.337,1010.073
1470.81,1014.766
2353.414,1011.578
4657.051,1017.491
5585.165,1012.363
6088.528,1019.657
6211.996,1010.531
6386.332,1012.019
7595.565,1012.363
529.135,1021.038
2990.385,1014.325
5000.824,1013.462
5179.945,1012.363
5535.714,1015.11
6012.912,1014.011
7250.916,1015.568
7510.13,1017.685
7850.486,1019.759
1171.245,1017.399
1450.425,1018.606
1559.829,1020.299
1868.132,1016.484
4235.544,1021.259
4625.458,1017.399
6400.069,1017.514
7223.267,1017.434
7562.192,1023.446
461.663,1023.102
3583.242,1019.505
4449.634,1021.062
4601.19,1023.535
5935.44,1021.389
6213.72,1023.675
6445.055,1020.604
7091.641,1019.819
7583.157,1033.707
1879.396,1022.802
2203.297,1021.978
5012.019,1023.695
5681.319,1020.604
5770.604,1022.665
6031.593,1021.978
6473.651,1027.348
6881.868,1021.978
7498.97,1023.008
7668.956,1022.567
3435.017,1027.367
5840.201,1024.267
6846.612,1025.183
7484.89,1026.884
1350.144,1033.817
5969.689,1029.212
6538.462,1027.473
7076.395,1030.325
7217.527,1035.44
7303.015,1043.626
7872.94,1029.762
7947.802,1027.473
7990.9,1031.422
447.908,1032.65
2446.886,1032.051
3405.22,1028.846
6068.681,1030.22
6406.25,1035.371
6490.041,1031.25
7506.868,1032.378
1438.53,1033.997
2093.724,1034.763
3020.315,1037.811
5333.276,1036.229
5442.308,1032.967
5495.879,1034.341
5523.695,1034.684
5660.371,1034.684
5692.308,1034.341
5791.797,1034.341
6689.56,1032.967
6757.261,1035.126
6875.343,1034.684
7159.144,1036.303
7436.813,1032.967
420.33,1038.462
543.04,1036.63
1493.382,1042.749
1961.538,1035.714
2417.017,1042.178
2710.95,1037.088
2835.989,1035.44
3850.275,1037.873
4496.337,1036.63
7677.198,1035.714
7911.214,1038.087
7945.644,1037.088
923.077,1037.088
964.744,1038.919
2633.242,1039.835
5072.253,1038.736
5805.534,1039.835
7250,1037.088
7595.845,1050.264
7810.897,1040.14
2480.769,1042.582
3838.942,1042.926
4704.67,1043.956
5092.033,1041.209
6188.53,1042.239
7614.011,1041.209
7697.955,1042.277
7847.995,1047.96
434.066,1045.33
3420.33,1042.582
5177.198,1043.956
6611.607,1045.673
6878.846,1044.78
7186.813,1043.956
1333.791,1046.703
4412.088,1046.703
5968.864,1047.619
6359.432,1047.161
7281.593,1045.33
7728.022,1048.077
519.231,1050.824
1446.335,1072.99
1726.305,1051.168
2692.033,1051.374
5935.44,1049.451
6090.43,1053.342
6217.622,1050.824
6296.703,1050.824
7164.011,1049.725
7416.601,1052.132
7488.422,1049.647
7531.201,1050.039
7539.835,1049.451
7986.852,1050.824
579.188,1060.402
1240.385,1054.945
1317.308,1052.198
2223.901,1052.198
3318.223,1051.74
3662.088,1053.571
3838.187,1054.121
4863.668,1053.228
5515.11,1053.571
5792.344,1062.291
6022.894,1053.114
6405.22,1053.571
6691.933,1053.821
7228.022,1052.198
7823.295,1060.686
421.271,1105.302
2641.484,1057.104
2666.209,1057.234
3465.659,1056.319
6001.504,1058.935
7067.857,1054.67
7219.322,1055.861
7506.181,1056.319
1469.78,1059.066
1500.317,1060.123
2401.557,1062.546
2720.198,1064.919
3522.894,1058.608
4738.422,1057.496
5097.527,1060.44
5177.198,1059.851
6893.887,1059.409
6965.11,1057.967
7158.425,1059.524
7206.319,1060.989
7542.582,1058.281
7888.736,1059.066
1153.846,1060.44
2480.769,1060.44
3678.114,1064.56
4719.78,1066.558
5453.297,1061.813
5529.057,1061.391
7431.319,1061.813
7467.857,1060.714
595.879,1065.11
2417.582,1064.56
2431.593,1064.011
3435.783,1064.904
3809.524,1064.103
5880.495,1063.776
6532.051,1065.018
453.297,1067.308
3707.81,1068.093
4513.148,1067.308
4605.495,1066.758
7286.924,1084.21
7556.558,1073.519
490.842,1070.513
642.17,1076.923
4811.421,1071.232
5136.774,1074.961
6163.919,1070.513
7137.363,1070.055
7613.324,1070.055
1163.118,1073.146
1476.648,1070.055
1626.374,1072.802
2107.418,1073.352
3569.139,1071.886
4760.989,1072.802
5809.066,1071.429
6425.628,1079.997
7217.229,1073.195
7627.747,1070.055
591.804,1078.526
1504.121,1072.802
3421.016,1075.549
4668.956,1074.765
4872.143,1079.725
5099.817,1076.007
5164.492,1074.863
5688.187,1076.334
5890.11,1074.176
6082.418,1075.549
7204.67,1074.765
7834.922,1077.973
7852.237,1075.549
478.239,1085.816
2195.879,1077.198
2737.637,1082.337
3671.016,1079.327
4653.846,1076.923
6607.143,1076.923
7099.931,1078.64
7148.077,1078.846
1477.916,1082.735
2096.154,1081.044
5317.823,1085.852
5359.353,1086.061
6728.218,1084.576
7537.088,1082.418
7891.484,1080.259
7910.714,1081.044
1511.905,1084.249
2412.088,1082.418
3440.934,1083.791
6004.121,1082.418
6815.934,1082.418
7421.703,1083.791
7512.019,1083.448
1017.674,1090.751
4692.308,1083.791
4706.502,1084.707
4975.549,1085.989
5117.426,1098.27
5619.505,1086.538
5832.418,1085.165
5882.457,1086.538
6323.26,1086.081
6617.543,1086.538
6960.165,1086.538
1920.33,1087.912
2337.454,1087.454
4094.78,1089.286
4988.187,1088.187
5604.396,1089.286
6075.321,1092.491
6401.099,1087.912
7111.525,1096.35
7227.198,1087.637
456.788,1104.682
713.697,1092.033
723.596,1093.864
5350.275,1090.659
5951.923,1090.659
7194.597,1099.228
7585.623,1091.117
7871.154,1096.062
7966.003,1091.69
494.63,1096.528
1217.033,1093.407
1509.615,1093.407
1518.28,1098.161
4689.56,1092.033
5626.374,1092.033
6876.374,1094.78
7061.813,1093.407
7152.473,1095.565
7242.133,1095.779
7255.495,1093.407
7834.135,1095.124
7927.62,1097.95
547.619,1098.443
643.838,1099.49
2640.11,1096.154
2939.935,1097.777
4900.641,1106.554
5328.297,1098.312
5453.297,1096.154
6057.418,1096.978
765.11,1100.275
2207.875,1100.733
2959.936,1103.938
3388.736,1101.648
4696.429,1099.49
5028.846,1099.49
5601.648,1100.275
6197.41,1104.199
6622.502,1102.023
6827.198,1099.725
7441.096,1104.476
7721.612,1100.733
734.89,1100.275
1505.495,1100.275
1534.341,1102.237
2784.341,1101.648
3440.018,1101.19
4504.121,1100.275
5549.176,1103.571
6223.901,1103.022
6422.734,1102.335
7215.839,1115.803
7426.969,1106.227
5877.289,1105.311
6895.713,1115.059
7248.626,1104.984
7589.286,1103.022
7613.761,1113.761
7785.126,1105.769
7831.044,1105.769
617.216,1108.059
2936.224,1108.516
4397.321,1108.173
5793.956,1108.516
6743.263,1111.525
7075.549,1107.732
7404.876,1108.173
7490.041,1108.86
536.63,1111.264
3048.077,1112.049
5958.516,1110.714
441.106,1120.192
682.998,1115.842
1457.418,1113.226
1517.399,1113.553
2219.322,1117.491
2968.407,1114.796
4344.475,1115.537
6105.769,1112.637
7093.407,1114.011
7726.2,1128.869
700.549,1116.758
1481.269,1119.755
2735.39,1119.755
3978.022,1116.758
4493.475,1116.415
4545.33,1114.011
4979.052,1116.415
5336.538,1115.973
5881.639,1119.963
6118.59,1118.132
6550.275,1115.659
7275.11,1119.725
7306.319,1118.132
2472.492,1133.101
3814.56,1120.29
5501.374,1116.758
6311.028,1119.505
6929.945,1120.29
7174.451,1116.758
7452.839,1121.337
7891.65,1128.33
7978.022,1118.132
570.378,1124.192
2187.637,1120.604
4731.685,1122.711
5075,1123.077
5578.64,1121.909
6227.826,1124.608
7043.864,1126.099
7870.139,1126.268
691.239,1125.916
953.297,1125
1315.934,1123.626
1391.484,1123.626
2755.495,1123.626
2961.081,1125.458
2982.143,1124.215
5893.446,1125
6459.821,1125.343
7180.25,1126.832
7238.095,1124.542
7249.224,1131.808
7925.824,1123.626
2991.3,1125.916
3322.253,1126.648
5127.404,1128.091
5954.365,1128.358
6302.473,1128.297
6440.806,1141.292
7407.967,1127.747
7844.231,1126.648
2744.505,1127.747
3226.648,1129.71
3702.088,1138.462
3849.49,1130.495
5138.736,1129.71
6629.579,1128.663
582.418,1131.868
1272.37,1132.849
1358.516,1131.868
1411.264,1132.143
2560.44,1131.868
3438.645,1133.471
4734.224,1141.317
4890.886,1139.214
6552.198,1131.868
7079.67,1133.242
7266.484,1133.242
7457.761,1132.898
7807.692,1133.242
7916.209,1132.457
1521.389,1135.989
2795.33,1137.363
2945.644,1135.989
2954.67,1133.242
4705.357,1134.959
5568.681,1137.363
6321.803,1137.987
6454.121,1134.341
6761.264,1135.44
6927.198,1138.525
6950.824,1136.538
7573.26,1136.447
7946.429,1135.989
471.154,1137.951
634.241,1140.235
945.18,1141.983
2370.879,1138.736
2967.033,1135.989
3015.568,1138.278
3792.16,1139.793
4827.747,1137.088
5283.997,1138.393
5588.736,1137.637
6202.708,1138.736
6233.516,1135.989
6291.209,1137.363
6636.239,1139.735
7787.088,1139.521
1535.714,1140.11
2210.508,1141.14
2737.637,1138.736
3926.74,1141.941
4254.579,1141.941
5949.176,1141.484
5960.394,1144.689
7731.044,1142.033
4336.882,1144.574
4512.821,1143.773
4531.593,1144.231
5117.216,1144.689
7171.507,1148.254
611.264,1146.978
1305.975,1146.635
2192.896,1146.978
2995.536,1147.321
3111.264,1144.231
4013.736,1146.978
4899.222,1173.979
5643.887,1146.635
5700.549,1146.978
6249.625,1152.14
6302.073,1151.349
6765.11,1145.604
7527.015,1148.81
2006.525,1150.069
3331.387,1149.382
4554.945,1146.978
5332.025,1152.08
5514.652,1150.183
6399.382,1149.382
6595.069,1151.171
7456.044,1149.725
7809.066,1148.352
7870.421,1152.289
649.382,1152.816
2016.484,1151.099
5528.65,1157.771
5590.934,1153.984
6571.429,1149.725
7755.495,1152.473
7789.835,1152.473
7849.817,1152.015
7916.994,1152.473
1839.286,1153.846
5392.857,1153.846
5615.581,1161.761
6927.198,1152.473
7245.094,1154.042
7545.33,1155.22
7740.69,1156.441
7777.473,1155.22
589.744,1158.425
2597.527,1159.341
3038.736,1157.418
5885.597,1157.182
6743.132,1158.752
6935.134,1159.799
7039.05,1157.967
7195.971,1162.546
3784.341,1159.341
3802.198,1159.341
3929.945,1160.714
4629.121,1159.341
5979.052,1160.371
6268.201,1161.058
6640.568,1158.883
7121.468,1163.069
7531.593,1159.341
1285.714,1163.462
1346.154,1163.462
2377.747,1162.677
2515.11,1164.246
4771.389,1163.462
5267.857,1164.246
6128.532,1163.462
7766.941,1161.63
7853.571,1161.813
1146.978,1167.582
2716.444,1166.209
3707.074,1166.552
6615.614,1169.872
1341.174,1173.85
1579.67,1168.956
5022.436,1169.261
5351.923,1168.407
5498.268,1174.212
6980.006,1169.261
7226.099,1167.308
7618.132,1168.956
7730.769,1167.582
2980.181,1171.703
4319.597,1172.161
4715.659,1170.33
6915.543,1176.282
7036.118,1171.865
7256.038,1177.453
502.06,1175.137
730.769,1173.077
1003.336,1174.451
1297.619,1173.993
3895.604,1174.451
4130.838,1174.794
4540.751,1172.619
5273.901,1172.802
6131.044,1177.015
6253.832,1176.33
6862.912,1173.901
2527.473,1177.541
3341.117,1176.893
3667.582,1175.824
5247.711,1176.282
5918.956,1176.413
5989.164,1177.503
6380.907,1184.341
7530.22,1177.198
459.066,1203.755
1043.367,1179.945
1376.902,1181.213
1565.934,1179.945
1862.637,1178.571
2307.692,1177.198
2500,1179.945
2625.458,1179.487
3839.286,1179.16
4062.598,1179.945
5693.681,1178.571
2776.442,1183.036
3795.33,1181.319
4663.462,1181.907
5262.821,1182.234
6223.558,1183.036
6769.231,1185.134
7245.8,1201.897
7535.44,1189.521
7810.44,1181.319
2362.637,1184.066
3949.176,1184.066
5471.154,1184.066
5953.297,1185.44
6897.436,1184.982
7470.238,1183.608
7862.027,1188.645
525.641,1188.645
1364.011,1188.972
1392.399,1190.018
1500,1188.187
3228.022,1186.813
5710.165,1188.187
6428.915,1189.56
7165.959,1194.805
7184.717,1193.103
7938.187,1186.813
888.278,1190.476
1818.681,1189.56
3357.143,1189.56
3668.956,1189.56
4954.67,1190.149
6234.89,1192.308
6649.725,1189.56
7207.418,1189.56
7361.722,1190.476
7765.11,1192.216
1272.253,1194.231
2316.209,1193.132
2716.003,1194.025
4123.626,1193.681
4140.11,1194.231
5625,1192.308
5820.055,1193.681
6267.857,1196.085
7820.055,1193.681
1160.714,1196.429
1937.402,1196.429
4611.607,1196.085
5913.462,1193.681
6862.029,1212.101
7742.033,1196.978
468.407,1196.429
997.527,1198.626
1296.703,1196.429
3984.498,1200.746
4072.802,1200.549
5166.724,1200.206
5507.479,1203.348
5581.829,1199.176
5690.591,1200.549
6275.25,1207.268
6907.624,1199.519
7282.051,1198.718
7914.835,1199.176
7937.794,1200.942
1338.98,1203.755
1374.796,1204.976
1634.027,1201.923
3011.905,1201.465
4296.703,1200.549
4590.659,1200.549
5437.088,1201.374
6328.297,1199.176
1348.901,1204.67
1478.022,1204.67
2598.901,1204.67
5616.758,1205.455
5666.994,1204.67
6042.582,1203.297
6381.279,1204.67
7191.013,1210.95
3864.273,1208.072
5454.67,1207.418
5569.139,1205.586
5822.802,1206.633
6671.245,1206.96
7438.187,1206.044
7754.87,1209.416
7960.623,1206.96
1022.174,1212.127
1216.758,1209.615
1245.879,1207.418
2937.402,1210.165
3349.097,1214.744
4892.445,1211.538
5922.488,1210.165
7727.106,1209.707
548.535,1212.454
3221.154,1212.912
4137.821,1212.607
6339.629,1212.569
6653.388,1211.081
1183.87,1216.444
1300.824,1214.874
1580.495,1214.56
1995.245,1216.505
2866.415,1215.316
4578.755,1216.117
4935.44,1214.286
7738.03,1220.761
7835.989,1214.56
1245.879,1217.033
1383.386,1225.347
1821.703,1217.857
3271.389,1218.407
3287.873,1218.407
4153.281,1222.931
5667.582,1217.033
5917.125,1222.985
6097.527,1217.033
6882.509,1220.604
7117.216,1217.949
7880.266,1220.238
644.231,1218.407
2163.462,1221.154
2822.802,1220.369
4719.322,1222.375
5928.571,1219.78
6633.958,1228.44
7528.159,1221.841
7539.05,1221.154
7643.385,1221.365
7674.523,1225.492
7893.681,1219.505
8107.967,1220.055
1954.441,1229.93
4519.689,1224.817
5759.615,1222.527
6360.92,1224.245
6511.813,1222.253
6915.293,1223.596
7753.434,1223.901
504.906,1226.648
519.231,1226.648
670.055,1226.099
1214.286,1226.648
2501.832,1227.106
4580.093,1242.815
4897.321,1226.992
5464.286,1228.022
5539.966,1232.012
5844.322,1226.19
6260.714,1229.396
6701.465,1226.19
7164.835,1225.275
7205.495,1230.907
7791.797,1226.648
8004.331,1250.377
1627.355,1234.498
3348.077,1232.326
3365.11,1228.846
3974.206,1231.227
4122.424,1239.269
4842.491,1229.853
5590.153,1237.348
5626.374,1226.648
6230.241,1232.671
6342.338,1231.838
6933.608,1228.48
1972.527,1230.769
2354.67,1232.692
4056.474,1241.11
6310.832,1232.928
6841.575,1231.685
6944.139,1231.685
7535.758,1250.333
7727.66,1236.553
7926.648,1232.326
513.049,1236.607
1181.907,1234.89
1601.845,1236.852
1613.668,1235.234
1929.945,1232.143
3031.593,1233.516
3332.143,1235.44
5240.385,1234.105
5888.082,1243.394
6521.978,1234.89
785.714,1236.264
2538.462,1237.637
3014.717,1239.207
4485.806,1239.011
4673.077,1237.637
4888.994,1244.935
5919.338,1242.979
6813.429,1238.93
7832.143,1237.088
7881.433,1248.023
7948.783,1236.852
960.508,1240.041
1196.2,1243.361
1653.571,1240.934
2405.22,1240.385
3359.89,1243.132
3987.027,1244.811
4224.931,1243.361
4298.668,1268.823
4524.451,1239.835
5001.03,1240.041
5461.76,1244.727
5638.736,1239.6
5730.181,1243.328
6285.397,1247.077
7224.686,1240.385
7850.275,1239.011
1640.11,1244.505
4159.341,1244.505
4177.088,1247.308
4729.426,1262.302
4988.553,1241.3
5664.011,1241.484
7236.293,1269.864
7463.255,1242.788
7515.11,1243.917
2557.692,1245.879
3833.791,1247.253
3963.217,1247.1
4005.647,1244.963
4030.22,1245.879
4467.376,1247.94
4600.409,1259.682
5654.121,1245.33
5747.841,1245.879
6348.191,1257.91
7050.824,1245.879
719.78,1247.253
3467.622,1249.019
3755.495,1245.879
4089.286,1247.841
4380.12,1250.25
5567.995,1252.289
5959.973,1254.824
5983.516,1248.626
6645.604,1247.253
6855.769,1248.626
6998.916,1253.976
7795.964,1253.064
7824.176,1248.626
7940.934,1247.253
1920.788,1250.458
3183.379,1254.579
4198.146,1252.06
4345.309,1254.227
4399.176,1250.275
4434.753,1253.434
4980.59,1254.479
5531.136,1251.832
6104.396,1250
6306.907,1252.355
6718.956,1249.725
6730.311,1249.542
7068.223,1249.542
7206.731,1253.434
7888.736,1251.374
1769.231,1252.747
1942.308,1255.495
3082.418,1252.747
3689.666,1255.6
3708.181,1256.716
3915.293,1253.205
4097.871,1254.464
4138.278,1253.663
4518.25,1257.784
4553.571,1252.747
5093.995,1254.121
6156.319,1253.571
7059.982,1254.121
1059.409,1256.525
2526.868,1264.56
3371.86,1258.438
3675.549,1256.319
3750.142,1260.089
3943.681,1256.868
4032.378,1256.868
4220.761,1263.496
4247.711,1258.438
4420.205,1257.617
4788.462,1256.868
5125.458,1257.326
5449.176,1257.653
5476.648,1255.495
5582.025,1260.008
6132.849,1258.438
6875,1257.653
6890.797,1256.181
7313.187,1256.868
7928.571,1256.868
798.993,1263.278
1636.774,1259.615
1752.289,1259.31
2719.78,1259.615
2971.154,1259.615
3727.705,1260.672
4359.432,1258.7
4393.315,1258.7
4543.639,1262.785
5000.785,1271.291
5345.565,1259.615
5641.484,1259.615
6029.304,1260.073
7095.761,1262.166
7859.818,1261.929
1873.901,1261.813
1900.641,1261.447
2506.383,1264.625
2590.659,1262.363
3004.121,1259.615
3012.363,1259.615
3063.062,1266.109
3203.984,1262.363
3277.198,1262.912
3460.989,1266.484
3578.297,1259.615
3659.341,1262.363
4368.917,1264.129
4773.046,1264.805
4871.947,1264.194
5330.128,1261.447
5777.747,1261.813
6455.093,1265.11
6648.352,1262.363
7190.934,1262.363
7912.088,1267.367
1787.962,1273.352
2547.684,1267.857
2561.563,1266.858
2926.74,1264.652
3093.09,1269.548
3293.581,1264.86
3603.297,1268.544
4464.286,1265.11
4942.918,1268.773
5396.978,1263.736
5530.22,1265.11
6320.398,1264.766
7664.184,1268.869
7762.912,1276.413
652.473,1268.642
1671.703,1267.857
2209.806,1274.188
2842.033,1269.231
2857.517,1269.106
2871.051,1277.988
2961.081,1266.941
3020.971,1271.337
3158.108,1280.819
3482.486,1268.201
4402.261,1269.336
4531.79,1270.997
4635.073,1268.162
4963.255,1271.291
5560.44,1267.857
6288.462,1267.857
7538.032,1274.725
7993.132,1268.642
1525.849,1271.104
1700.021,1272.718
1973.116,1270.604
2437.402,1270.604
2606.554,1270.604
2946.429,1270.604
2996.429,1268.956
3080.701,1270.948
3109.89,1270.604
3538.462,1269.231
3884.014,1275.155
4416.631,1274.197
4795.673,1274.554
5476.648,1271.978
5962.912,1267.857
6085.989,1271.978
6155.22,1270.604
6242.507,1277.098
7791.209,1269.231
7799.451,1269.231
8004.121,1269.819
1217.033,1271.978
2447.912,1292.009
2713.882,1277.23
2780.22,1270.604
2831.044,1272.567
2892.496,1277.545
3189.56,1273.352
3280.678,1271.52
3723.214,1274.038
3846.35,1275.314
4456.044,1273.352
6648.854,1287.557
6873.718,1273.718
7188.448,1274.791
7424.451,1272.567
7851.419,1274.954
2791.896,1278.846
2929.804,1284.693
3129.121,1274.725
3437.373,1281.085
3640.934,1274.451
3793.04,1276.557
4657.182,1276.099
4765.11,1273.352
5078.846,1277.473
5782.967,1278.846
5911.846,1279.169
5930.403,1276.557
6225.183,1279.396
6359.432,1275.183
7960.508,1275.755
1617.543,1282.771
1892.268,1278.846
2592.433,1284.041
2628.181,1284.774
2909.684,1282.967
2972.527,1278.297
3214.515,1286.172
3492.56,1281.822
3556.319,1277.473
3651.557,1277.93
5549.843,1283.359
6954.808,1289.973
7464.874,1281.855
7518.642,1277.669
7727.106,1278.388
7897.977,1280.095
7945.055,1278.846
1059.524,1282.051
1449.176,1278.846
1802.885,1281.593
2360.92,1281.25
2501.984,1282.509
2658.226,1284.237
2695.43,1281.344
2771.389,1281.593
2997.253,1282.509
3254.906,1280.024
3407.051,1280.678
4690.385,1279.945
4910.322,1286.107
5230.769,1282.967
5651.099,1281.593
6666.037,1287.431
6857.732,1281.593
6901.557,1284.646
7083.399,1307.845
7932.349,1281.25
7981.685,1281.136
2817.308,1282.967
2847.527,1281.593
3127.747,1284.341
4783.883,1283.883
4847.278,1283.342
4863.462,1289.835
4930.288,1283.997
5052.353,1305.741
5265.11,1284.341
6628.205,1284.799
794.78,1285.989
1396.767,1288.779
1412.088,1285.714
2682.692,1284.341
2724.451,1285.44
2754.121,1286.303
2780.495,1287.637
3316.621,1292.17
3847.094,1292.004
5005.652,1297.086
5281.593,1287.088
5333.448,1287.431
6460.508,1286.745
7024.267,1299.451
7608.86,1286.745
8013.736,1288.462
1042.707,1294.206
1689.103,1293.651
2555.288,1290.522
3294.414,1288.004
3331.044,1287.088
3369.849,1290.179
4715.659,1288.462
4807.692,1289.835
4832.692,1289.286
4980.232,1293.657
6112.049,1291.405
6353.507,1295.653
6831.456,1297.665
6972.527,1288.462
7197.802,1288.462
7249.313,1292.811
8000.916,1292.125
531.593,1293.956
1225.549,1292.033
1371.795,1293.04
2348.901,1292.582
2962.363,1291.484
3252.642,1294.907
3343.724,1293.639
3501.068,1293.193
4789.835,1293.367
4954.509,1295.814
5982.143,1289.835
6278.614,1316.348
7977.882,1304.132
1206.633,1295.33
1570.055,1295.33
3196.429,1294.545
3449.519,1295.673
4985.311,1380.438
5478.022,1293.956
5523.352,1292.582
6243.791,1302.363
6439.455,1296.386
6711.538,1292.582
7833.791,1293.956
7947.274,1298.922
1191.392,1298.535
1608.516,1302.198
1633.242,1299.451
1775.549,1302.656
2483.516,1296.703
4823.352,1296.978
5113.668,1297.734
5462.912,1296.703
6134.524,1300.092
6556.868,1296.429
7109.89,1298.626
7882.457,1298.077
1302.198,1299.451
1647.308,1305.989
3405.563,1302.198
4879.808,1302.885
5651.205,1303.994
5786.745,1301.168
6039.639,1303.964
7210.293,1316.158
7703.841,1329.217
7744.78,1302.747
2357.143,1302.198
3225.275,1302.198
3429.945,1302.198
5572.802,1300.824
5774.725,1303.571
5896.978,1304.029
6667.582,1307.692
6719.78,1302.198
7582.418,1305.288
7822.253,1302.473
8006.319,1302.473
1619.689,1310.897
4810.44,1306.319
4843.407,1306.319
5125.687,1307.234
5607.993,1313.383
5733.059,1305.403
7233.791,1310.531
7402.669,1309.458
1667.582,1307.692
2380.823,1336.01
3354.396,1307.692
3849.817,1308.608
5418.956,1310.44
7465.081,1312.681
7936.813,1307.692
553.877,1313.645
1810.165,1313.278
5104.548,1315.273
5576.923,1310.44
5931.319,1310.44
6175.719,1311.602
7183.477,1311.813
7556.227,1316.3
7683.15,1311.355
572.726,1321.429
1301.458,1317.308
1947.802,1314.56
3421.703,1313.187
5534.625,1320.718
6134.615,1314.56
6143.773,1314.103
6588.043,1320.382
7539.835,1311.813
6651.099,1315.934
7152.473,1316.523
7193.182,1319.306
7448.832,1316.964
7652.473,1316.621
1041.797,1320.055
2354.788,1319.27
5447.998,1320.447
6836.996,1320.513
7929.945,1320.055
1610.806,1328.526
1940.149,1326.923
2163.462,1321.429
2337.912,1320.055
5998.626,1323.587
6255.952,1327.724
7064.56,1322.115
7945.479,1336.064
1272.894,1326.007
1657.721,1338.63
2149.908,1329.579
2418.956,1324.176
5505.495,1325.893
5698.391,1325.549
6091.675,1332.358
7225.733,1324.634
7646.062,1323.718
867.445,1329.327
1818.956,1328.846
1915.816,1331.633
2334.948,1331.189
5071.429,1326.923
5483.878,1330.032
5598.901,1328.297
6468.864,1328.755
6674.451,1331.829
1312.136,1334.761
2037.088,1331.044
5225.15,1332.792
5269.263,1338.807
5907.857,1343.516
6046.507,1331.829
7238.616,1360.499
7790.293,1330.586
1376.374,1332.418
1571.429,1332.418
1793.727,1335.852
4626.374,1333.791
5727.335,1333.104
5794.806,1340.071
6009.615,1333.006
6827.839,1333.333
7197.802,1332.418
7432.692,1332.418
7651.099,1331.044
882.457,1336.538
1805.632,1338.255
1895.879,1335.989
1956.044,1336.538
2180.922,1350.244
2408.752,1334.969
3376.374,1335.165
5532.28,1336.951
5897.436,1336.996
6119.505,1335.165
6542.582,1337.323
7052.106,1337.637
7561.43,1342.097
619.028,1368.98
778.388,1338.828
1248.626,1336.538
1583.333,1338.828
1681.319,1339.286
5574.568,1346.252
5579.67,1337.912
7767.568,1344.636
812.206,1343.21
2236.345,1343.972
5496.566,1341.346
5510.531,1342.338
5664.835,1339.286
6469.399,1353.861
6937.402,1343.995
7731.868,1345.33
671.429,1346.978
2125.196,1353.12
2149.176,1345.513
2219.976,1349.294
2309.243,1357.751
3472.527,1344.78
6224.359,1345.238
6613.041,1346.881
6743.59,1345.238
7255.495,1343.407
629.396,1346.978
1265.11,1347.527
1292.582,1346.743
2257.212,1347.184
5203.297,1346.154
5548.077,1349.882
5828.297,1346.743
6534.341,1347.527
6669.741,1347.527
7199.519,1347.871
7316.85,1347.07
1256.868,1347.527
1427.198,1348.901
1950.549,1350.275
5603.022,1350.275
5853.022,1347.527
5978.537,1353.709
6847.833,1351.19
6902.473,1348.901
7912.753,1358.96
743.132,1350.275
1322.359,1364.454
1498.97,1353.365
1563.187,1357.535
1799.794,1356.113
1999.625,1354.021
2035.714,1353.022
2067.491,1362.912
5506.868,1353.807
6002.289,1357.418
6585.96,1355.914
6876.374,1353.022
1303.571,1354.984
1479.396,1354.984
5624.451,1360.385
6499.683,1354.713
7559.997,1362.847
7798.077,1354.396
7828.297,1354.396
1666.552,1358.173
1988.585,1369.127
2011.813,1362.363
6084.89,1357.967
7111.722,1358.974
7859.89,1357.143
655.403,1362.912
675.488,1376.404
1419.299,1360.92
1835.382,1363.433
1873.123,1389.291
2214.286,1361.264
2259.615,1360.479
5591.484,1360.165
5712.912,1359.89
5882.457,1361.264
5968.407,1362.049
7022.602,1362.887
7086.538,1362.049
7652.473,1358.516
7663.462,1364.011
834.707,1367.369
1514.86,1369.256
1623.626,1364.011
1703.216,1365.95
1719.675,1368.872
1771.978,1362.637
2215.172,1376.108
5659.493,1363.095
5763.069,1367.543
6525.755,1364.698
6635.989,1364.011
6868.407,1363.462
6949.961,1364.011
7019.592,1380.88
7040.385,1362.363
7803.571,1361.264
7822.017,1364.011
1974.109,1378.58
2040.179,1366.415
5725.275,1365.385
6574.176,1365.385
7778.061,1366.758
7930.944,1367.008
698.999,1378.19
1070.604,1367.857
6053.571,1370.29
6152.167,1371.337
6977.793,1373.855
7721.42,1373.228
1824.176,1372.253
2255.22,1380.563
5688.485,1378.106
5783.997,1374.886
5967.35,1373.309
6034.341,1369.505
6584.135,1372.596
6914.377,1371.337
7081.044,1372.253
7583.006,1372.253
7810.44,1369.505
7843.407,1371.703
722.802,1375.549
6141.484,1375.785
6640.11,1373.626
1339.286,1375
1456.319,1377.198
1480.816,1402.234
1807.234,1377.442
2023.352,1375
2281.917,1382.757
2771.978,1377.747
5646.978,1375
5660.292,1381.551
6039.835,1377.747
7061.028,1377.747
1274.451,1381.044
1793.76,1381.279
2152.473,1380.495
6018.201,1382.898
7320.055,1379.121
7948.391,1380.495
7969.78,1379.121
1200.549,1386.676
1416.552,1382.898
1663.247,1401.723
1765.11,1384.615
7581.894,1401.736
7818.681,1381.868
7903.09,1407.335
737.294,1387.019
2043.367,1384.419
5946.429,1384.615
6153.004,1398.13
6912.088,1385.989
6942.896,1385.989
901.099,1388.736
1114.403,1390.306
1398.637,1410.638
1953.755,1387.821
6304.945,1387.363
6325.206,1389.08
6491.758,1388.736
6791.667,1387.821
7559.066,1387.363
7776.491,1387.951
1597.527,1391.484
1733.516,1390.11
1778.123,1397.123
1964.286,1392.857
6081.502,1391.026
6211.439,1407.998
7388.187,1390.385
7398.626,1390.934
7713.546,1391.061
712.207,1413.35
1065.934,1394.231
6460.165,1391.484
7836.538,1395.016
1079.832,1405.866
1706.718,1404.171
5993.917,1396.978
6295.862,1422.075
6911.695,1405.416
656.593,1398.352
668.956,1401.099
760.989,1398.352
1108.633,1412.176
6094.869,1402.738
6331.731,1400.755
6471.443,1405.654
6502.182,1402.149
6960.26,1405.599
7035.714,1411.009
7167.125,1397.894
7388.736,1399.725
7645.52,1413.699
8004.121,1398.94
1321.625,1413.349
1599.686,1407.378
1729.739,1402.129
1935.116,1403.442
6137.912,1403.022
6305.534,1402.473
6445.055,1402.473
7260.814,1416.775
7598.705,1403.257
6398.109,1409.26
7234.89,1403.846
7941.392,1405.678
821.997,1418.151
926.221,1413.339
982.315,1413.977
1017.857,1410.165
1134.89,1407.418
1212.585,1411.434
6570.84,1407.967
6725.427,1409.493
6993.59,1408.425
7865.11,1408.516
753.925,1425.464
916.209,1407.967
1560.165,1410.897
1760.302,1411.573
6174.843,1409.929
7129.121,1410.714
7769.356,1411.214
7821.429,1409.341
1149.176,1412.363
1530.754,1417.811
6665.293,1411.63
6717.491,1432.771
6748.626,1412.088
7199.176,1412.677
7413.004,1413.919
7488.422,1413.462
7609.526,1419.629
7955.433,1418.346
849.442,1424.118
876.374,1416.209
1259.345,1420.803
6134.959,1415.179
6437.843,1416.552
6734.89,1413.462
1187.637,1417.857
6360.555,1423.875
6449.176,1419.741
6489.423,1422.115
6837.288,1424.201
6860.732,1427.641
6951.744,1429.408
7712.912,1418.956
7207.723,1423.23
7313.776,1421.703
7755.298,1432.545
7809.066,1420.33
1548.592,1424.451
1567.308,1421.703
6431.114,1431.348
6470.238,1422.619
6537.225,1427.198
6896.171,1458.48
7490.041,1424.107
886.332,1427.541
5957.418,1425.824
6247.253,1425.824
6511.996,1428.663
6672.082,1435.913
7019.116,1434.066
7407.967,1425.824
789.377,1429.029
6388.736,1428.571
7107.486,1429.258
7348.443,1429.029
7793.956,1427.198
7972.07,1429.64
2439.922,1433.849
2523.352,1431.907
7379.945,1431.593
7566.309,1433.691
7891.941,1432.234
7675.824,1432.692
2484.89,1436.47
6372.253,1435.44
6403.846,1440.476
6464.744,1438.492
6991.758,1436.813
7814.56,1440.3
6390.699,1440.934
7066.964,1441.277
7359.301,1439.757
7800.366,1441.392
6479.396,1442.308
6495.094,1443.681
6965.372,1492.666
7696.429,1446.658
1221.939,1446.429
7614.011,1445.055
6451.277,1450.145
6654.497,1456.695
7001.138,1455.691
7636.294,1451.313
7932.234,1448.718
6505.495,1450.549
6834.096,1453.755
7105.22,1454.396
7429.945,1450.549
7656.593,1453.297
7741.3,1458.333
7791.084,1463.994
6492.445,1456.731
6704.327,1454.327
6804.945,1454.67
7921.703,1454.67
6516.589,1462.067
6794.081,1459.166
7060.714,1457.967
7555.672,1460.003
6473.214,1460.165
6711.548,1486.873
7598.901,1460.165
7951.007,1461.538
7118.132,1462.912
7341.69,1463.255
7611.264,1462.912
7284.112,1473.367
7320.742,1466.575
6544.958,1474.124
6805.896,1470.52
7394.574,1468.75
7445.055,1468.407
7478.397,1468.656
7820.398,1468.75
7879.71,1468.407
7907.301,1480.395
6499.176,1469.505
6990.385,1471.154
7627.747,1471.939
7048.443,1474.267
7112.065,1478.251
7332.81,1475.667
7462.912,1473.116
7538.118,1473.558
7730.372,1483.913
6598.454,1484.396
6639.321,1484.422
7009.615,1475.275
7406.593,1473.901
7561.193,1484.89
7809.211,1480.263
6100.733,1479.853
6571.429,1478.846
6923.568,1484.792
7077.381,1477.564
7443.681,1479.396
7663.462,1478.022
6993.132,1479.396
7312.775,1485.989
7600.275,1482.143
6669.299,1485.234
6946.429,1482.143
6548.626,1486.538
6993.132,1486.852
7125.687,1489.354
7535.126,1486.46
6861.264,1510.265
7065.476,1495.765
7337.912,1490.385
7457.761,1490.041
7774.529,1495.617
7228.611,1493.132
7383.791,1491.484
7815.018,1492.674
7860.479,1493.132
6678.571,1495.879
7207.128,1499.928
7603.807,1496.86
7798.077,1494.505
6810.636,1499.411
6907.967,1495.879
6992.347,1498.626
7687.729,1498.626
6760.646,1500.343
6920.33,1500
7051.168,1501.03
7347.985,1501.832
7391.484,1500
6705.586,1503.205
7125.323,1506.06
7173.077,1504.121
7439.904,1504.808
7484.89,1504.121
7532.509,1504.426
7855.464,1505.647
7932.904,1509.193
6795.673,1507.212
7698.832,1506.525
6770.604,1509.615
7056.881,1522.696
7137.821,1508.7
7518.544,1512.878
7028.846,1511.578
7263.148,1512.363
7826.923,1510.989
6675.824,1512.363
6911.264,1514.011
7092.573,1526.835
7163.462,1513.736
7553.571,1514.325
7794.724,1549.303
7195.9,1521.238
7418.956,1516.484
7434.851,1520.212
7567.002,1518.773
6807.418,1521.154
7676.648,1525
7701.923,1519.819
7750.458,1519.994
7908.939,1543.185
7149.725,1523.901
7626.717,1529.19
7109.89,1526.099
7451.465,1526.557
7603.022,1526.648
7865.728,1528.159
7509.272,1528.503
7592.622,1535.911
7736.432,1539.787
7170.722,1537.088
7228.339,1537.511
7268.407,1533.242
7361.813,1532.692
7514.463,1558.904
7532.378,1537.873
8228.48,1533.425
7198.26,1539.148
7697.459,1536.401
7153.331,1548.678
7442.033,1543.681
7114.698,1546.016
7132.967,1547.94
7384.615,1542.582
7611.264,1542.582
7638.291,1551.864
7823.146,1542.239
7710.623,1547.619
7404.808,1553.297
4335.165,1553.571
7336.538,1554.356
7651.442,1554.258
7698.177,1555.07
7314.56,1557.104
7357.418,1558.7
7481.838,1558.15
7739.6,1560.44
7245.879,1557.005
7292.19,1563.776
7676.74,1562.271
7717.033,1563.462
7343.407,1561.813
7700.157,1577.839
7478.022,1568.681
7566.926,1573.26
7517.857,1575.549
7661.684,1581.852
7910.714,1582.418
5548.077,1581.044